item_id,item_label,reason,overview_item_id,exclude_other_parents
Q1089050,Latin alternative,"newly orphaned root after both its parents (alternative music Q1695023, Latin music Q18345375) were excluded as overly broad umbrellas; a Hispanic/Latin-world fusion genre with no single national home, nested under the Hispanic-world regional overview",LOCAL:hispanic-world,
Q110592616,Farsi music,"newly orphaned root after world music (Q205049) was excluded as an overly broad umbrella; Farsi is the Persian language, spoken predominantly in Iran, so nested under music of Iran",Q1672398,
Q4118941,mezwed,"root item with no P279/P361 parent and no P2341/P495 value, but a Tunisian genre missed by the automated seed/indigenous_to/country_of_origin classification",Q936552,
Q11331567,Pyonkobushi,"root item with no P279/P361 parent and no P2341/P495 value, but a Japanese genre missed by the automated seed/indigenous_to/country_of_origin classification",Q257533,
Q126667584,Aire típico,"root item with no P279/P361 parent and no P2341/P495 value, but a Panamanian genre missed by the automated seed/indigenous_to/country_of_origin classification",Q6942240,
Q6076141,pindín,"root item with no P279/P361 parent and no P2341/P495 value, but a Panamanian genre missed by the automated seed/indigenous_to/country_of_origin classification",Q6942240,
Q5815576,mejorana,"root item with no P279/P361 parent and no P2341/P495 value, but a Panamanian genre missed by the automated seed/indigenous_to/country_of_origin classification",Q6942240,
Q6036438,música cañonera,"root item with no P279/P361 parent and no P2341/P495 value, but a Panamanian genre missed by the automated seed/indigenous_to/country_of_origin classification",Q6942240,
Q56465221,plena de Panamá,"root item with no P279/P361 parent and no P2341/P495 value, but a Panamanian genre missed by the automated seed/indigenous_to/country_of_origin classification",Q6942240,
Q65165373,sajuriana,"root item with no P279/P361 parent and no P2341/P495 value, but a Panamanian genre missed by the automated seed/indigenous_to/country_of_origin classification",Q6942240,
Q106543080,raspacanilla,"root item with no P279/P361 parent and no P2341/P495 value, but a Panamanian genre missed by the automated seed/indigenous_to/country_of_origin classification",Q6942240,
Q17477934,bunde (Panama),"root item with no P279/P361 parent and no P2341/P495 value, but a Panamanian genre missed by the automated seed/indigenous_to/country_of_origin classification",Q6942240,
Q5018019,Cajun fiddle,"root item with no P279/P361 parent and no P2341/P495 value, but a Louisiana Cajun genre missed by the automated seed/indigenous_to/country_of_origin classification",Q6942158,
Q6070734,Irish fiddle,"root item with no P279/P361 parent and no P2341/P495 value, but an Irish genre missed by the automated seed/indigenous_to/country_of_origin classification",Q1378776,
Q7269821,Quebec fiddle,"root item with no P279/P361 parent and no P2341/P495 value, but a Quebecois genre missed by the automated seed/indigenous_to/country_of_origin classification",Q3328756,
Q136822752,Ceòl mòr,"root item with no P279/P361 parent and no P2341/P495 value, but a Scottish genre missed by the automated seed/indigenous_to/country_of_origin classification",Q1048469,
Q17004101,Haitian Gospel,"root item with no P279/P361 parent and no P2341/P495 value, but a Haitian genre missed by the automated seed/indigenous_to/country_of_origin classification",Q3710513,
Q6379228,Kavigan,"root item with no P279/P361 parent and no P2341/P495 value, but a Haitian genre missed by the automated seed/indigenous_to/country_of_origin classification",Q3710513,
Q60847029,léròl,"root item with no P279/P361 parent and no P2341/P495 value, but a Haitian genre missed by the automated seed/indigenous_to/country_of_origin classification",Q3710513,
Q104016404,Matrouz,"root item with no P279/P361 parent and no P2341/P495 value, but a Haitian genre missed by the automated seed/indigenous_to/country_of_origin classification",Q3710513,
Q16669340,Kushtdepdi,"root item with no P279/P361 parent and no P2341/P495 value, but a Turkmen genre missed by the automated seed/indigenous_to/country_of_origin classification",Q3328789,
Q14541561,Serbian traditional folk music,"root item with no P279/P361 parent and no P2341/P495 value, but a Serbian genre missed by the automated seed/indigenous_to/country_of_origin classification",Q2363645,
Q13072955,Myanmar song,"root item with no P279/P361 parent and no P2341/P495 value, but a Burmese genre missed by the automated seed/indigenous_to/country_of_origin classification",Q3328602,
Q17157177,Tahitian Drumming,"root item with no P279/P361 parent and no P2341/P495 value, but a Tahitian genre missed by the automated seed/indigenous_to/country_of_origin classification",Q6942287,
Q1361883,Trecento Madrigal,"root item with no P279/P361 parent and no P2341/P495 value, but an Italian Trecento genre missed by the automated seed/indigenous_to/country_of_origin classification",Q2916253,
Q1980609,ballata,"root item with no P279/P361 parent and no P2341/P495 value, but an Italian Trecento genre missed by the automated seed/indigenous_to/country_of_origin classification",Q2916253,
Q1024999,caccia,"root item with no P279/P361 parent and no P2341/P495 value, but an Italian Trecento genre missed by the automated seed/indigenous_to/country_of_origin classification",Q2916253,
Q4011325,Vidalita,"root item with no P279/P361 parent and no P2341/P495 value, but an Argentine genre missed by the automated seed/indigenous_to/country_of_origin classification",Q645992,
Q16637763,tango canción,"root item with no P279/P361 parent and no P2341/P495 value, but an Argentine genre missed by the automated seed/indigenous_to/country_of_origin classification",Q645992,
Q7446911,Seis,"root item with no P279/P361 parent and no P2341/P495 value, but a Puerto Rican genre missed by the automated seed/indigenous_to/country_of_origin classification",Q427183,
Q4940448,bomba,"root item with no P279/P361 parent and no P2341/P495 value, but a Puerto Rican genre missed by the automated seed/indigenous_to/country_of_origin classification",Q427183,
Q86726390,San'a,"root item with no P279/P361 parent and no P2341/P495 value, but a Yemeni genre missed by the automated seed/indigenous_to/country_of_origin classification",Q3328786,
Q4936373,bodabil in the Philippines,"root item with no P279/P361 parent and no P2341/P495 value, but a Filipino genre missed by the automated seed/indigenous_to/country_of_origin classification",Q3328743,
Q55608822,Dadakuada,"root item with no P279/P361 parent and no P2341/P495 value, but a Filipino genre missed by the automated seed/indigenous_to/country_of_origin classification",Q3328743,
Q137299027,Pogi rock,"root item with no P279/P361 parent and no P2341/P495 value, but a Filipino genre missed by the automated seed/indigenous_to/country_of_origin classification",Q3328743,
Q11348032,rhythm kayo,"root item with no P279/P361 parent and no P2341/P495 value, but a Filipino genre missed by the automated seed/indigenous_to/country_of_origin classification",Q3328743,
Q1674327,Tvísöngur,"root item with no P279/P361 parent and no P2341/P495 value, but an Icelandic genre missed by the automated seed/indigenous_to/country_of_origin classification",Q2617447,
Q22947471,fkirettes,"root item with no P279/P361 parent and no P2341/P495 value, but a Maltese genre missed by the automated seed/indigenous_to/country_of_origin classification",Q6942168,
Q7849239,trường ca,"root item with no P279/P361 parent and no P2341/P495 value, but a Vietnamese genre missed by the automated seed/indigenous_to/country_of_origin classification",Q1156957,
Q11277611,Taryeong,"root item with no P279/P361 parent and no P2341/P495 value, but a Korean genre missed by the automated seed/indigenous_to/country_of_origin classification",Q716060,
Q3565141,Wahrani,"root item with no P279/P361 parent and no P2341/P495 value, but an Algerian genre missed by the automated seed/indigenous_to/country_of_origin classification",Q3328583,
Q12213606,allaoui,"root item with no P279/P361 parent and no P2341/P495 value, but an Algerian genre missed by the automated seed/indigenous_to/country_of_origin classification",Q3328583,
Q20726225,diwan,"root item with no P279/P361 parent and no P2341/P495 value, but an Algerian genre missed by the automated seed/indigenous_to/country_of_origin classification",Q3328583,
Q3574259,Yéla,"root item with no P279/P361 parent and no P2341/P495 value, but an Algerian (Kabyle) genre missed by the automated seed/indigenous_to/country_of_origin classification",Q3328583,
Q3098694,Gasba music,"root item with no P279/P361 parent and no P2341/P495 value, but an Algerian genre missed by the automated seed/indigenous_to/country_of_origin classification",Q3328583,
Q97481136,Gesellschaftslied,"root item with no P279/P361 parent and no P2341/P495 value, but a German genre missed by the automated seed/indigenous_to/country_of_origin classification",Q2743758,
Q1357775,Geisslerlieder,"root item with no P279/P361 parent and no P2341/P495 value, but a German genre missed by the automated seed/indigenous_to/country_of_origin classification",Q2743758,
Q2403744,Tenorlied,"root item with no P279/P361 parent and no P2341/P495 value, but a German genre missed by the automated seed/indigenous_to/country_of_origin classification",Q2743758,
Q960867,Liederspiel,"root item with no P279/P361 parent and no P2341/P495 value, but a German genre missed by the automated seed/indigenous_to/country_of_origin classification",Q2743758,
Q3843144,Maggio drammatico,"root item with no P279/P361 parent and no P2341/P495 value, but an Italian genre missed by the automated seed/indigenous_to/country_of_origin classification",Q3679098,
Q637696,siciliana,"root item with no P279/P361 parent and no P2341/P495 value, but an Italian (Sicilian) genre missed by the automated seed/indigenous_to/country_of_origin classification",Q3679098,
Q3656510,canzone genovese,"root item with no P279/P361 parent and no P2341/P495 value, but an Italian (Genoese) genre missed by the automated seed/indigenous_to/country_of_origin classification",Q3679098,
Q16535291,balletto,"root item with no P279/P361 parent and no P2341/P495 value, but an Italian genre missed by the automated seed/indigenous_to/country_of_origin classification",Q3679098,
Q97277870,al ala,"root item with no P279/P361 parent and no P2341/P495 value, but a Moroccan genre missed by the automated seed/indigenous_to/country_of_origin classification",Q2346484,
Q56398770,Timbila,"root item with no P279/P361 parent and no P2341/P495 value, but a Mozambican genre missed by the automated seed/indigenous_to/country_of_origin classification",Q2294872,
Q3853406,Mdundiko,"root item with no P279/P361 parent and no P2341/P495 value, but a Tanzanian genre missed by the automated seed/indigenous_to/country_of_origin classification",Q3868600,
Q4024159,Zenji flava,"root item with no P279/P361 parent and no P2341/P495 value, but a Tanzanian (Zanzibari) genre missed by the automated seed/indigenous_to/country_of_origin classification",Q3868600,
Q3349878,ohangla,"root item with no P279/P361 parent and no P2341/P495 value, but a Kenyan (Luo) genre missed by the automated seed/indigenous_to/country_of_origin classification",Q3868594,
Q2621158,Makwaya,"root item with no P279/P361 parent and no P2341/P495 value, but a South African genre missed by the automated seed/indigenous_to/country_of_origin classification",Q4794612,
Q105320881,Malipenga,"root item with no P279/P361 parent and no P2341/P495 value, but a Malawian genre missed by the automated seed/indigenous_to/country_of_origin classification",Q6942167,
Q3287249,mapouka,"root item with no P279/P361 parent and no P2341/P495 value, but an Ivorian genre missed by the automated seed/indigenous_to/country_of_origin classification",Q3328693,
Q6748116,Mando,"root item with no P279/P361 parent and no P2341/P495 value, but a Goan genre missed by the automated seed/indigenous_to/country_of_origin classification",Q6942096,
Q10428865,Nanjing baiju,"root item with no P279/P361 parent and no P2341/P495 value, but a Chinese genre missed by the automated seed/indigenous_to/country_of_origin classification",Q277393,
Q3905200,Suzhou pingtan,"root item with no P279/P361 parent and no P2341/P495 value, but a Chinese genre missed by the automated seed/indigenous_to/country_of_origin classification",Q277393,
Q6758799,Tanhuang,"root item with no P279/P361 parent and no P2341/P495 value, but a Chinese genre missed by the automated seed/indigenous_to/country_of_origin classification",Q277393,
Q10295992,tanci,"root item with no P279/P361 parent and no P2341/P495 value, but a Chinese genre missed by the automated seed/indigenous_to/country_of_origin classification",Q277393,
Q10948524,Dingxian music,"root item with no P279/P361 parent and no P2341/P495 value, but a Chinese genre missed by the automated seed/indigenous_to/country_of_origin classification",Q277393,
Q5587325,Gōshū Ondo,"root item with no P279/P361 parent and no P2341/P495 value, but a Japanese genre missed by the automated seed/indigenous_to/country_of_origin classification",Q257533,
Q11352348,Ichichubushi,"root item with no P279/P361 parent and no P2341/P495 value, but a Japanese genre missed by the automated seed/indigenous_to/country_of_origin classification",Q257533,
Q11512436,Minshingaku,"root item with no P279/P361 parent and no P2341/P495 value, but a Japanese genre missed by the automated seed/indigenous_to/country_of_origin classification",Q257533,
Q11375663,Kyoto kei music,"root item with no P279/P361 parent and no P2341/P495 value, but a Japanese genre missed by the automated seed/indigenous_to/country_of_origin classification",Q257533,
Q11563285,Shonan Sound,"root item with no P279/P361 parent and no P2341/P495 value, but a Japanese genre missed by the automated seed/indigenous_to/country_of_origin classification",Q257533,
Q11385637,Zokugaku,"root item with no P279/P361 parent and no P2341/P495 value, but a Japanese genre missed by the automated seed/indigenous_to/country_of_origin classification",Q257533,
Q134697774,seika,"root item with no P279/P361 parent and no P2341/P495 value, but a Japanese (Ryukyuan) genre missed by the automated seed/indigenous_to/country_of_origin classification",Q257533,
Q130711854,Dikir Barat Singapura,"root item with no P279/P361 parent and no P2341/P495 value, but a Singaporean genre missed by the automated seed/indigenous_to/country_of_origin classification",Q6942275,
Q4945110,Boria,"root item with no P279/P361 parent and no P2341/P495 value, but a Malaysian genre missed by the automated seed/indigenous_to/country_of_origin classification",Q3328715,
Q138262349,Makassarese pop music,"root item with no P279/P361 parent and no P2341/P495 value, but an Indonesian genre missed by the automated seed/indigenous_to/country_of_origin classification",Q1210921,
Q11955376,Xeremiers,"root item with no P279/P361 parent and no P2341/P495 value, but a Spanish (Balearic) genre missed by the automated seed/indigenous_to/country_of_origin classification",Q964987,
Q124804770,Pasarrúas,"root item with no P279/P361 parent and no P2341/P495 value, but a Spanish (Galician) genre missed by the automated seed/indigenous_to/country_of_origin classification",Q10334896,
Q3109918,Gosos,"root item with no P279/P361 parent and no P2341/P495 value, but a Spanish genre missed by the automated seed/indigenous_to/country_of_origin classification",Q964987,
Q1571388,Jácara,"root item with no P279/P361 parent and no P2341/P495 value, but a Spanish genre missed by the automated seed/indigenous_to/country_of_origin classification",Q964987,
Q7225887,Polo,"root item with no P279/P361 parent and no P2341/P495 value, but a Spanish (Andalusian) genre missed by the automated seed/indigenous_to/country_of_origin classification",Q2742742,
Q111335856,Sevillanas rocieras,"root item with no P279/P361 parent and no P2341/P495 value, but a Spanish (Andalusian) genre missed by the automated seed/indigenous_to/country_of_origin classification",Q2742742,
Q9332634,sacro polo,"root item with no P279/P361 parent and no P2341/P495 value, but a Spanish (Andalusian) genre missed by the automated seed/indigenous_to/country_of_origin classification",Q2742742,
Q30921682,Nordeste,"root item with no P279/P361 parent and no P2341/P495 value, but a Brazilian genre missed by the automated seed/indigenous_to/country_of_origin classification",Q899215,
Q17624127,capishca,"root item with no P279/P361 parent and no P2341/P495 value, but an Ecuadorian genre missed by the automated seed/indigenous_to/country_of_origin classification",Q6942068,
Q1051952,cayambe,"root item with no P279/P361 parent and no P2341/P495 value, but an Ecuadorian genre missed by the automated seed/indigenous_to/country_of_origin classification",Q6942068,
Q5492501,guardia nueva,"root item with no P279/P361 parent and no P2341/P495 value, but an Ecuadorian genre missed by the automated seed/indigenous_to/country_of_origin classification",Q6942068,
Q126953014,Amorfino,"root item with no P279/P361 parent and no P2341/P495 value, but an Ecuadorian genre missed by the automated seed/indigenous_to/country_of_origin classification",Q6942068,
Q134125842,Fox trot incaico,"root item with no P279/P361 parent and no P2341/P495 value, but a Peruvian genre missed by the automated seed/indigenous_to/country_of_origin classification",Q3085344,
Q5185778,criolla,"root item with no P279/P361 parent and no P2341/P495 value, but a Peruvian genre missed by the automated seed/indigenous_to/country_of_origin classification",Q3085344,
Q3573134,Yuka,"root item with no P279/P361 parent and no P2341/P495 value, but a Cuban genre missed by the automated seed/indigenous_to/country_of_origin classification",Q1544863,
Q7260604,Punto,"root item with no P279/P361 parent and no P2341/P495 value, but a Cuban genre missed by the automated seed/indigenous_to/country_of_origin classification",Q1544863,
Q6016603,milongón,"root item with no P279/P361 parent and no P2341/P495 value, but a Cuban genre missed by the automated seed/indigenous_to/country_of_origin classification",Q1544863,
Q106289153,Tijuana sound,"root item with no P279/P361 parent and no P2341/P495 value, but a Mexican genre missed by the automated seed/indigenous_to/country_of_origin classification",Q3397325,
Q19545411,corsicana,"root item with no P279/P361 parent and no P2341/P495 value, but a Corsican genre missed by the automated seed/indigenous_to/country_of_origin classification",Q2378916,
Q2956156,Occitan chanson,"root item with no P279/P361 parent and no P2341/P495 value, but an Occitan genre missed by the automated seed/indigenous_to/country_of_origin classification",Q3328732,
Q4698401,air à boire,"root item with no P279/P361 parent and no P2341/P495 value, but a French genre missed by the automated seed/indigenous_to/country_of_origin classification",Q672134,
Q2897092,bergerette,"root item with no P279/P361 parent and no P2341/P495 value, but a French genre missed by the automated seed/indigenous_to/country_of_origin classification",Q672134,
Q752047,musique mesurée,"root item with no P279/P361 parent and no P2341/P495 value, but a French genre missed by the automated seed/indigenous_to/country_of_origin classification",Q672134,
Q16035064,Wallonne chanson,"root item with no P279/P361 parent and no P2341/P495 value, but a Belgian (Walloon) genre missed by the automated seed/indigenous_to/country_of_origin classification",Q2587471,
Q64058224,Büchel music,"root item with no P279/P361 parent and no P2341/P495 value, but a Swiss genre missed by the automated seed/indigenous_to/country_of_origin classification",Q2082510,
Q3303902,Meddaha,"root item with no P279/P361 parent and no P2341/P495 value, but a Turkish (Ottoman) genre missed by the automated seed/indigenous_to/country_of_origin classification",Q1074080,
Q12881663,Neo-Balkan music,"root item with no P279/P361 parent and no P2341/P495 value, but a Balkan genre missed by the automated seed/indigenous_to/country_of_origin classification",Q3211884,
Q136434440,maizbhandari song,"root item with no P279/P361 parent and no P2341/P495 value, but a Bangladeshi genre missed by the automated seed/indigenous_to/country_of_origin classification",Q3328593,
Q96373505,Bhojpuri music,"root item with no P279/P361 parent and no P2341/P495 value, but an Indian genre missed by the automated seed/indigenous_to/country_of_origin classification",Q531426,
Q18126823,Kilippattu,"root item with no P279/P361 parent and no P2341/P495 value, but an Indian genre missed by the automated seed/indigenous_to/country_of_origin classification",Q531426,
Q6981036,Natya Sangeet,"root item with no P279/P361 parent and no P2341/P495 value, but an Indian (Marathi) genre missed by the automated seed/indigenous_to/country_of_origin classification",Q531426,
Q1346068,Swang,"root item with no P279/P361 parent and no P2341/P495 value, but an Indian genre missed by the automated seed/indigenous_to/country_of_origin classification",Q531426,
Q2045168,jor,"root item with no P279/P361 parent and no P2341/P495 value, but an Indian genre missed by the automated seed/indigenous_to/country_of_origin classification",Q531426,
Q2722134,lavani,"root item with no P279/P361 parent and no P2341/P495 value, but an Indian (Marathi) genre missed by the automated seed/indigenous_to/country_of_origin classification",Q531426,
Q7417910,Sangeet Natak,"root item with no P279/P361 parent and no P2341/P495 value, but an Indian genre missed by the automated seed/indigenous_to/country_of_origin classification",Q531426,
Q7505953,Shyama Sangeet,"root item with no P279/P361 parent and no P2341/P495 value, but an Indian (Bengali) genre missed by the automated seed/indigenous_to/country_of_origin classification",Q3349675,
Q53724923,Patua Sangeet,"root item with no P279/P361 parent and no P2341/P495 value, but an Indian (Bengali) genre missed by the automated seed/indigenous_to/country_of_origin classification",Q3349675,
Q7681407,koothu,"root item with no P279/P361 parent and no P2341/P495 value, but an Indian (Tamil) genre missed by the automated seed/indigenous_to/country_of_origin classification",Q17070502,
Q5957548,kaani,"root item with no P279/P361 parent and no P2341/P495 value, but a Maldivian genre missed by the automated seed/indigenous_to/country_of_origin classification",Q6942377,
Q5978663,loncomeo,"root item with no P279/P361 parent and no P2341/P495 value, but a Chilean (Mapuche) genre missed by the automated seed/indigenous_to/country_of_origin classification",Q3889385,
Q136320857,Kiɗan garaya,"root item with no P279/P361 parent and no P2341/P495 value, but a Nigerian (Hausa) genre missed by the automated seed/indigenous_to/country_of_origin classification",Q2738838,
Q17152287,Music in the Elizabethan era,"root item with no P279/P361 parent and no P2341/P495 value, but an English genre missed by the automated seed/indigenous_to/country_of_origin classification",Q110558058,
Q2105045,dump,"root item with no P279/P361 parent and no P2341/P495 value, but an English genre missed by the automated seed/indigenous_to/country_of_origin classification",Q110558058,
Q4849865,Balakadri,"root item with no P279/P361 parent and no P2341/P495 value, but a Guadeloupean genre missed by the automated seed/indigenous_to/country_of_origin classification",Q15221176,
Q135274887,kilalaky,"root item with no P279/P361 parent and no P2341/P495 value, but a Malagasy genre missed by the automated seed/indigenous_to/country_of_origin classification",Q1091536,
Q16679167,Tchamassi,"root item with no P279/P361 parent and no P2341/P495 value, but a Beninese genre missed by the automated seed/indigenous_to/country_of_origin classification",Q10334885,
Q104875944,Ladishah,"root item with no P279/P361 parent and no P2341/P495 value, but an Iranian genre missed by the automated seed/indigenous_to/country_of_origin classification",Q1672398,
Q73263678,aulodia,"root item with no P279/P361 parent and no P2341/P495 value, but an ancient Greek genre missed by the automated seed/indigenous_to/country_of_origin classification",Q1139787,
Q3299089,stasimon,"root item with no P279/P361 parent and no P2341/P495 value, but an ancient Greek genre missed by the automated seed/indigenous_to/country_of_origin classification",Q1139787,
Q3678263,citarodia,"root item with no P279/P361 parent and no P2341/P495 value, but an ancient Greek genre missed by the automated seed/indigenous_to/country_of_origin classification",Q1139787,
Q12873448,Amanes,"root item with no P279/P361 parent and no P2341/P495 value, but a Greek genre missed by the automated seed/indigenous_to/country_of_origin classification",Q1465419,
Q12334212,røvballe,"root item with no P279/P361 parent and no P2341/P495 value, but a Danish genre missed by the automated seed/indigenous_to/country_of_origin classification",Q2449418,
Q19703932,jytä,"root item with no P279/P361 parent and no P2341/P495 value, but a Finnish genre missed by the automated seed/indigenous_to/country_of_origin classification",Q1417976,
Q65434338,mezmur,"root item with no P279/P361 parent and no P2341/P495 value, but an Ethiopian genre missed by the automated seed/indigenous_to/country_of_origin classification",Q2917508,
Q6942327,music of Wales,promoted root item (no own P279 parent in Bronze - only ever referenced as parent_label of Welsh folk music / Welsh hip hop); its real Wikidata parent is the British Isles/UK region,Q268673,
Q28371127,cymrucana,"root item with no P279/P361 parent and no P2341/P495 value, but a Welsh genre - its natural parent 'music of Wales' is a promoted overview item",Q6942327,
Q4745455,American fiddle,"root item with no P279/P361 parent and no P2341/P495 value, but an American genre missed by the automated seed/indigenous_to/country_of_origin classification",Q2267955,
Q130554646,Brahmo sangeet,"root item with no P279/P361 parent and no P2341/P495 value, but an Indian genre missed by the automated seed/indigenous_to/country_of_origin classification",Q531426,
Q5024670,Calypso-style baila,"root item with no P279/P361 parent and no P2341/P495 value, but a Sri Lankan genre missed by the automated seed/indigenous_to/country_of_origin classification",Q3328768,
Q5033854,Canto livre,"root item with no P279/P361 parent and no P2341/P495 value, but a Brazilian genre missed by the automated seed/indigenous_to/country_of_origin classification",Q899215,
Q5054785,Cavalier song,"root item with no P279/P361 parent and no P2341/P495 value, but an English genre missed by the automated seed/indigenous_to/country_of_origin classification",Q110558058,
Q5244903,De dragoste,"root item with no P279/P361 parent and no P2341/P495 value, but a Romanian genre missed by the automated seed/indigenous_to/country_of_origin classification",Q852210,
Q1474342,Funkeado,"root item with no P279/P361 parent and no P2341/P495 value, but a Brazilian genre missed by the automated seed/indigenous_to/country_of_origin classification",Q899215,
Q120970818,Meistersang,"root item with no P279/P361 parent and no P2341/P495 value, but a German genre missed by the automated seed/indigenous_to/country_of_origin classification",Q2743758,
Q7363273,Romo,"root item with no P279/P361 parent and no P2341/P495 value, but a British genre missed by the automated seed/indigenous_to/country_of_origin classification",Q268673,
Q105224848,chanson swing,"root item with no P279/P361 parent and no P2341/P495 value, but a French genre missed by the automated seed/indigenous_to/country_of_origin classification",Q672134,
Q5767258,chorrillera,"root item with no P279/P361 parent and no P2341/P495 value, but a Mexican genre missed by the automated seed/indigenous_to/country_of_origin classification",Q3397325,
Q3267742,madrigal comedy,"root item with no P279/P361 parent and no P2341/P495 value, but an Italian genre missed by the automated seed/indigenous_to/country_of_origin classification",Q3679098,
Q6161710,vidala,"root item with no P279/P361 parent and no P2341/P495 value, but an Argentine genre missed by the automated seed/indigenous_to/country_of_origin classification",Q645992,
Q13126989,Welsh music,"root item with no P279/P361 parent and no P2341/P495 value, but a Welsh genre - its natural parent 'music of Wales' is a promoted overview item",Q6942327,
Q7982016,Welsh bardic music,"root item with no P279/P361 parent and no P2341/P495 value, but a Welsh genre - its natural parent 'music of Wales' is a promoted overview item",Q6942327,
Q822309,cerdd dant,"root item with no P279/P361 parent and no P2341/P495 value, but a Welsh genre - its natural parent 'music of Wales' is a promoted overview item",Q6942327,
Q6348555,kaiso,"root item with no P279/P361 parent and no P2341/P495 value, but a Trinidadian genre missed by the automated seed/indigenous_to/country_of_origin classification",Q6942303,
Q6304912,Jugni,"root item with no P279/P361 parent and no P2341/P495 value, but a Punjabi genre missed by the automated seed/indigenous_to/country_of_origin classification",Q6942249,
Q126453633,Steklåt,"root item with no P279/P361 parent and no P2341/P495 value, but a Swedish fiddle-tune genre missed by the automated seed/indigenous_to/country_of_origin classification",Q846784,
Q7912528,valona,"root item with no P279/P361 parent and no P2341/P495 value, but a Panamanian genre missed by the automated seed/indigenous_to/country_of_origin classification",Q6942240,
Q18398185,Athabaskan fiddle,"root item with no P279/P361 parent and no P2341/P495 value, but an Alaska Native genre missed by the automated seed/indigenous_to/country_of_origin classification",Q16191834,
Q6100475,Lazish music,"root item with no P279/P361 parent and no P2341/P495 value, but a Laz (Turkish Black Sea coast) genre missed by the automated seed/indigenous_to/country_of_origin classification",Q1074080,
Q5766737,chirimía,"root item with no P279/P361 parent and no P2341/P495 value, but a Colombian genre missed by the automated seed/indigenous_to/country_of_origin classification",Q920883,
Q13212088,Hori,"root item with no P279/P361 parent and no P2341/P495 value, but an Indian genre missed by the automated seed/indigenous_to/country_of_origin classification",Q531426,
Q4456413,tesnif,"root item with no P279/P361 parent and no P2341/P495 value, but a Turkish genre missed by the automated seed/indigenous_to/country_of_origin classification",Q1074080,
Q6202259,Jing ping,"root item with no P279/P361 parent and no P2341/P495 value, but a Dominica genre missed by the automated seed/indigenous_to/country_of_origin classification",Q16147503,
Q97174666,mahjouz,"root item with no P279/P361 parent and no P2341/P495 value, but an Algerian genre (Constantine/malouf-derived) missed by the automated seed/indigenous_to classification",Q3328583,
Q6032957,murga,"root item with no P279/P361 parent and no P2341/P495 value; this specific item is the Panamanian carnival murga (distinct from the ambiguous Uruguay/Argentina ""murga"" genre), missed by the automated seed/indigenous_to classification",Q6942240,
Q126953016,Alza,"root item with no P279/P361 parent and no P2341/P495 value in the tree, but P17 (country) is Ecuador in Wikidata, missed by the automated classification",Q6942068,
Q126667587,Andarele,"root item with no P279/P361 parent and no P2341/P495 value in the tree, but P17 (country) is Ecuador in Wikidata, missed by the automated classification",Q6942068,
Q126953015,Caramba,"root item with no P279/P361 parent and no P2341/P495 value in the tree, but P17 (country) is Ecuador in Wikidata, missed by the automated classification",Q6942068,
Q136704497,Pum pin,"root item with no P279/P361 parent and no P2341/P495 value, but described as a musical genre from Ayacucho, Peru (P17 confirms Peru), missed by the automated classification",Q3085344,
Q139219215,gacha pop,"root item with no P279/P361 parent and no P2341/P495 value in the tree, but P17 (country) is Japan in Wikidata, missed by the automated classification",Q257533,
Q5024683,Calypso War,"root item with no P279/P361 parent and no P2341/P495 value, but a Trinidadian genre (calypso lyrical dueling tradition) missed by the automated classification",Q6942303,
Q60914635,Hacha'a,"root item with no P279/P361 parent and no P2341/P495 value, but described in Wikidata as an Iraqi dance style, missed by the automated classification",Q3328692,
Q12890903,gaga,"root item with no P279/P361 parent and no P2341/P495 value, but described in Wikidata as a Haitian music genre, missed by the automated classification",Q3710513,
Q13980030,paahan chare,"root item with no P279/P361 parent and no P2341/P495 value, but described in Wikidata as a music movement of the Newah, a Nepalese people, missed by the automated classification",Q3328735,
Q110810872,Siren kings,"root item with no P279/P361 parent and no P2341/P495 value, but described in Wikidata as a Pasifika subculture in New Zealand, missed by the automated classification",Q6942216,
Q97160109,kouh ghan,"root item with no P279/P361 parent and no P2341/P495 value, but a traditional dance of the Bamileke people of western Cameroon, missed by the automated classification",Q10334892,
Q97365272,medjong,"root item with no P279/P361 parent and no P2341/P495 value, but a traditional dance of the Bamileke people of western Cameroon, missed by the automated classification",Q10334892,
Q3572987,youssoumba,"root item with no P279/P361 parent and no P2341/P495 value, but a music genre from southern Ivory Coast, missed by the automated classification",Q3328693,
Q61693382,pilantragem,"root item with no P279/P361 parent and no P2341/P495 value, but a Brazilian (Rio de Janeiro) cultural/music movement, missed by the automated classification",Q899215,
Q25092815,nhari,"root item with no P279/P361 parent and no P2341/P495 value, but an Algerian traditional warrior music/dance from the Oranie region, missed by the automated classification",Q3328583,
Q84433946,ainam,"root item with no P279/P361 parent and no P2341/P495 value, but an Assamese (India) folk song tradition, missed by the automated classification",Q6942006,
Q109041707,Kokoman,"root item with no P279/P361 parent and no P2341/P495 value, but a traditional genre/dance from northern Benin, missed by the automated classification",Q10334885,
Q11180043,Guci,"root item with no P279/P361 parent and no P2341/P495 value, but a Chinese narrative-singing genre (drum storytelling), missed by the automated classification",Q277393,
Q18660751,Manserock,"root item with no P279/P361 parent and no P2341/P495 value, but a Finnish (Tampere) rock genre, missed by the automated classification",Q1417976,
Q10683897,Sunkadelica,"root item with no P279/P361 parent and no P2341/P495 value, but a Swedish term/genre-concept, missed by the automated classification",Q846784,
Q23499405,rúmbia,root item with no P279/P361 parent and no P2341/P495 value; a genre rooted in the Vallès region of Catalonia (fusing Catalan rumba with Latin cumbia) missed by the automated classification since it was mistakenly treated as an ambiguous cross-national fusion rather than a Catalan regional genre,Q3808055,
Q7334835,Ringbang,"root item with no P279/P361 parent and no P2341/P495 value; a pan-Caribbean soca/calypso-derived genre with no single national home, missed by the automated classification",Q3394906,
Q5759480,caña,root item with no P279/P361 parent and no P2341/P495 value; a Andalusia genre missed by the automated seed/indigenous_to classification (medium confidence),Q2742742,
Q5747261,canción montañesa,root item with no P279/P361 parent and no P2341/P495 value; a Cantabria genre missed by the automated seed/indigenous_to classification (high confidence),Q115168871,
Q1054490,Ceòl Beag,root item with no P279/P361 parent and no P2341/P495 value; a Scotland genre missed by the automated seed/indigenous_to classification (high confidence),Q1048469,
Q5764471,chandé (Colombia),root item with no P279/P361 parent and no P2341/P495 value; a Colombia genre missed by the automated seed/indigenous_to classification (high confidence),Q920883,
Q5072696,Chanté mas,root item with no P279/P361 parent and no P2341/P495 value; a Dominica genre missed by the automated seed/indigenous_to classification (medium confidence),Q16147503,
Q5119040,Chầu văn,root item with no P279/P361 parent and no P2341/P495 value; a Vietnam genre missed by the automated seed/indigenous_to classification (high confidence),Q1156957,
Q18690116,Finland's political singing movement,root item with no P279/P361 parent and no P2341/P495 value; a Finland genre missed by the automated seed/indigenous_to classification (high confidence),Q1417976,
Q10283583,forró pé de serra,root item with no P279/P361 parent and no P2341/P495 value; a Brazil genre missed by the automated seed/indigenous_to classification (high confidence),Q899215,
Q56351526,forró,root item with no P279/P361 parent and no P2341/P495 value; a Brazil genre missed by the automated seed/indigenous_to classification (high confidence),Q899215,
Q5625934,Gånglåt,root item with no P279/P361 parent and no P2341/P495 value; a Sweden genre missed by the automated seed/indigenous_to classification (high confidence),Q846784,
Q19366417,genios de Andalucía,root item with no P279/P361 parent and no P2341/P495 value; a Andalusia genre missed by the automated seed/indigenous_to classification (high confidence),Q2742742,
Q2481591,Hua'er,root item with no P279/P361 parent and no P2341/P495 value; a China genre missed by the automated seed/indigenous_to classification (medium confidence),Q277393,
Q48855105,Iê-iê-iê,root item with no P279/P361 parent and no P2341/P495 value; a Brazil genre missed by the automated seed/indigenous_to classification (medium confidence),Q899215,
Q10301862,incelenças,root item with no P279/P361 parent and no P2341/P495 value; a Cape Verde genre missed by the automated seed/indigenous_to classification (medium confidence),Q188237,
Q6319299,Jwé,root item with no P279/P361 parent and no P2341/P495 value; a Martinique genre missed by the automated seed/indigenous_to classification (medium confidence),Q11058823,
Q16594955,lumbalú,root item with no P279/P361 parent and no P2341/P495 value; a Colombia genre missed by the automated seed/indigenous_to classification (high confidence),Q920883,
Q6036566,música planeca,root item with no P279/P361 parent and no P2341/P495 value; a Colombia genre missed by the automated seed/indigenous_to classification (medium confidence),Q920883,
Q6098469,rajaleña,root item with no P279/P361 parent and no P2341/P495 value; a Colombia genre missed by the automated seed/indigenous_to classification (high confidence),Q920883,
Q56872586,seú,root item with no P279/P361 parent and no P2341/P495 value; a Colombia genre missed by the automated seed/indigenous_to classification (medium confidence),Q920883,
Q10831132,tình khúc 1954-1975,root item with no P279/P361 parent and no P2341/P495 value; a Vietnam genre missed by the automated seed/indigenous_to classification (high confidence),Q1156957,
Q12224286,Abidat Rma,root item with no P279/P361 parent and no P2341/P495 value; a Morocco genre missed by the automated seed/indigenous_to classification (high confidence),Q2346484,
Q20631510,Ameripolitan,root item with no P279/P361 parent and no P2341/P495 value; a the United States genre missed by the automated seed/indigenous_to classification (medium confidence),Q2267955,
Q8210150,Avanzada Regia,root item with no P279/P361 parent and no P2341/P495 value; a Mexico genre missed by the automated seed/indigenous_to classification (high confidence),Q3397325,
Q16954258,B-Town,root item with no P279/P361 parent and no P2341/P495 value; a the United Kingdom genre missed by the automated seed/indigenous_to classification (medium confidence),Q268673,
Q18582315,baile chino,root item with no P279/P361 parent and no P2341/P495 value; a Chile genre missed by the automated seed/indigenous_to classification (high confidence),Q3889385,
Q96761277,Bangla Adhunik Gaan,root item with no P279/P361 parent and no P2341/P495 value; a Bengal genre missed by the automated seed/indigenous_to classification (high confidence),Q3349675,
Q808855,barrelhouse piano,root item with no P279/P361 parent and no P2341/P495 value; a the United States genre missed by the automated seed/indigenous_to classification (medium confidence),Q2267955,
Q5731395,bolero ranchero,root item with no P279/P361 parent and no P2341/P495 value; a Mexico genre missed by the automated seed/indigenous_to classification (high confidence),Q3397325,
Q4945025,Borgeet,root item with no P279/P361 parent and no P2341/P495 value; a Assam genre missed by the automated seed/indigenous_to classification (high confidence),Q6942006,
Q2537800,Bozlak,root item with no P279/P361 parent and no P2341/P495 value; a Turkey genre missed by the automated seed/indigenous_to classification (high confidence),Q1074080,
Q18464783,bugio,root item with no P279/P361 parent and no P2341/P495 value; a Portugal genre missed by the automated seed/indigenous_to classification (medium confidence),Q2579987,
Q17623202,bunde (Colombia),root item with no P279/P361 parent and no P2341/P495 value; a Colombia genre missed by the automated seed/indigenous_to classification (high confidence),Q920883,
Q5735613,bunde chocoano,root item with no P279/P361 parent and no P2341/P495 value; a Colombia genre missed by the automated seed/indigenous_to classification (high confidence),Q920883,
Q5015165,Ca din tulnic,root item with no P279/P361 parent and no P2341/P495 value; a Romania genre missed by the automated seed/indigenous_to classification (high confidence),Q852210,
Q30688859,Cachi Cachi music,root item with no P279/P361 parent and no P2341/P495 value; a Texas genre missed by the automated seed/indigenous_to classification (medium confidence),Q6942291,
Q17747244,California Sound,root item with no P279/P361 parent and no P2341/P495 value; a California genre missed by the automated seed/indigenous_to classification (high confidence),Q6942029,
Q11912270,caramelles,root item with no P279/P361 parent and no P2341/P495 value; a Catalonia genre missed by the automated seed/indigenous_to classification (high confidence),Q3808055,
Q5063233,Ceol Meadhonach,root item with no P279/P361 parent and no P2341/P495 value; a Scotland genre missed by the automated seed/indigenous_to classification (high confidence),Q1048469,
Q5070237,Chamrieng Samai,root item with no P279/P361 parent and no P2341/P495 value; a Cambodia genre missed by the automated seed/indigenous_to classification (high confidence),Q6942031,
Q717080,Changgeuk,root item with no P279/P361 parent and no P2341/P495 value; a Korea genre missed by the automated seed/indigenous_to classification (high confidence),Q716060,
Q5072584,Chanson pour boire,root item with no P279/P361 parent and no P2341/P495 value; a France genre missed by the automated seed/indigenous_to classification (medium confidence),Q672134,
Q2956468,Chaoui music,root item with no P279/P361 parent and no P2341/P495 value; a Algeria genre missed by the automated seed/indigenous_to classification (high confidence),Q3328583,
Q5073926,Charanga-vallenata,root item with no P279/P361 parent and no P2341/P495 value; a Colombia genre missed by the automated seed/indigenous_to classification (medium confidence),Q920883,
Q5693170,chonguinada,root item with no P279/P361 parent and no P2341/P495 value; a Peru genre missed by the automated seed/indigenous_to classification (high confidence),Q3085344,
Q5105648,Chrieng Brunh,root item with no P279/P361 parent and no P2341/P495 value; a Cambodia genre missed by the automated seed/indigenous_to classification (high confidence),Q6942031,
Q18465009,Chula (Bahia),root item with no P279/P361 parent and no P2341/P495 value; a Brazil genre missed by the automated seed/indigenous_to classification (medium confidence),Q899215,
Q5118358,Chutney parang,root item with no P279/P361 parent and no P2341/P495 value; a Trinidad and Tobago genre missed by the automated seed/indigenous_to classification (high confidence),Q6942303,
Q2978696,clawhammer,root item with no P279/P361 parent and no P2341/P495 value; a the United States genre missed by the automated seed/indigenous_to classification (medium confidence),Q2267955,
Q9849206,congo capixaba,root item with no P279/P361 parent and no P2341/P495 value; a Brazil genre missed by the automated seed/indigenous_to classification (medium confidence),Q899215,
Q5783033,congos,root item with no P279/P361 parent and no P2341/P495 value; a Panama genre missed by the automated seed/indigenous_to classification (medium confidence),Q6942240,
Q31358818,Cool Cymru,root item with no P279/P361 parent and no P2341/P495 value; a Wales genre missed by the automated seed/indigenous_to classification (high confidence),Q6942327,
Q5799237,danza o habanera,root item with no P279/P361 parent and no P2341/P495 value; a Puerto Rico genre missed by the automated seed/indigenous_to classification (medium confidence),Q427183,
Q5347034,Eefing,root item with no P279/P361 parent and no P2341/P495 value; a Scotland genre missed by the automated seed/indigenous_to classification (medium confidence),Q1048469,
Q123944418,Egwu ekpili,root item with no P279/P361 parent and no P2341/P495 value; a Nigeria genre missed by the automated seed/indigenous_to classification (high confidence),Q2738838,
Q1429121,Flogger,root item with no P279/P361 parent and no P2341/P495 value; a Argentina genre missed by the automated seed/indigenous_to classification (medium confidence),Q645992,
Q1610196,French organ school,root item with no P279/P361 parent and no P2341/P495 value; a France genre missed by the automated seed/indigenous_to classification (medium confidence),Q672134,
Q5501660,French-Canadian music,root item with no P279/P361 parent and no P2341/P495 value; a Canada genre missed by the automated seed/indigenous_to classification (high confidence),Q6942037,
Q48855636,gaucha music,root item with no P279/P361 parent and no P2341/P495 value; a Brazil genre missed by the automated seed/indigenous_to classification (medium confidence),Q899215,
Q5529053,Gazel,root item with no P279/P361 parent and no P2341/P495 value; a Turkey genre missed by the automated seed/indigenous_to classification (medium confidence),Q1074080,
Q5886831,Guabina,root item with no P279/P361 parent and no P2341/P495 value; a Colombia genre missed by the automated seed/indigenous_to classification (high confidence),Q920883,
Q6036526,Guasca music,root item with no P279/P361 parent and no P2341/P495 value; a Colombia genre missed by the automated seed/indigenous_to classification (high confidence),Q920883,
Q12246277,Hadrami music,root item with no P279/P361 parent and no P2341/P495 value; a Yemen genre missed by the automated seed/indigenous_to classification (medium confidence),Q3328786,
Q3141414,Hawzi,root item with no P279/P361 parent and no P2341/P495 value; a Algeria genre missed by the automated seed/indigenous_to classification (high confidence),Q3328583,
Q16875726,Ikinimba,root item with no P279/P361 parent and no P2341/P495 value; a Rwanda genre missed by the automated seed/indigenous_to classification (medium confidence),Q3868596,
Q6366462,Kapanirong,root item with no P279/P361 parent and no P2341/P495 value; a the Philippines genre missed by the automated seed/indigenous_to classification (medium confidence),Q3328743,
Q6394780,Kertok,root item with no P279/P361 parent and no P2341/P495 value; a Malaysia genre missed by the automated seed/indigenous_to classification (medium confidence),Q3328715,
Q16733731,Kpanlogo,root item with no P279/P361 parent and no P2341/P495 value; a Ghana genre missed by the automated seed/indigenous_to classification (high confidence),Q6942095,
Q55529556,Kume-uta,root item with no P279/P361 parent and no P2341/P495 value; a Japan genre missed by the automated seed/indigenous_to classification (high confidence),Q257533,
Q135107660,Lekompo,root item with no P279/P361 parent and no P2341/P495 value; a South Africa genre missed by the automated seed/indigenous_to classification (high confidence),Q4794612,
Q6537469,Lewoz,root item with no P279/P361 parent and no P2341/P495 value; a Guadeloupe genre missed by the automated seed/indigenous_to classification (high confidence),Q15221176,
Q615455,lhamo,root item with no P279/P361 parent and no P2341/P495 value; a Tibet genre missed by the automated seed/indigenous_to classification (high confidence),Q1585558,
Q17050023,Malaysian contemporary music,root item with no P279/P361 parent and no P2341/P495 value; a Malaysia genre missed by the automated seed/indigenous_to classification (high confidence),Q3328715,
Q48781411,manchegas,root item with no P279/P361 parent and no P2341/P495 value; a Spain genre missed by the automated seed/indigenous_to classification (medium confidence),Q964987,
Q48871578,Marabaixo,root item with no P279/P361 parent and no P2341/P495 value; a Brazil genre missed by the automated seed/indigenous_to classification (medium confidence),Q899215,
Q40488741,mazurca ranchera,root item with no P279/P361 parent and no P2341/P495 value; a Mexico genre missed by the automated seed/indigenous_to classification (medium confidence),Q3397325,
Q132886044,Mgqashiyo,root item with no P279/P361 parent and no P2341/P495 value; a South Africa genre missed by the automated seed/indigenous_to classification (medium confidence),Q4794612,
Q21003309,Milonga-candombe,root item with no P279/P361 parent and no P2341/P495 value; a Uruguay genre missed by the automated seed/indigenous_to classification (medium confidence),Q23965,
Q1252451,Montuno,root item with no P279/P361 parent and no P2341/P495 value; a Cuba genre missed by the automated seed/indigenous_to classification (medium confidence),Q1544863,
Q25091767,mutuashi,root item with no P279/P361 parent and no P2341/P495 value; a the Democratic Republic of the Congo genre missed by the automated seed/indigenous_to classification (medium confidence),Q1955040,
Q1817297,Nangma,root item with no P279/P361 parent and no P2341/P495 value; a Tibet genre missed by the automated seed/indigenous_to classification (high confidence),Q1585558,
Q3337361,nayda,root item with no P279/P361 parent and no P2341/P495 value; a Morocco genre missed by the automated seed/indigenous_to classification (medium confidence),Q2346484,
Q2682554,New Venice School,root item with no P279/P361 parent and no P2341/P495 value; a Italy genre missed by the automated seed/indigenous_to classification (medium confidence),Q3679098,
Q5402428,Nicaraguan polka,root item with no P279/P361 parent and no P2341/P495 value; a Nicaragua genre missed by the automated seed/indigenous_to classification (high confidence),Q6942217,
Q7088779,Oltului,root item with no P279/P361 parent and no P2341/P495 value; a Romania genre missed by the automated seed/indigenous_to classification (medium confidence),Q852210,
Q16909209,Ovi (music),root item with no P279/P361 parent and no P2341/P495 value; a Finland genre missed by the automated seed/indigenous_to classification (high confidence),Q1417976,
Q7132500,Papare,root item with no P279/P361 parent and no P2341/P495 value; a Sri Lanka genre missed by the automated seed/indigenous_to classification (high confidence),Q3328768,
Q13026479,Phleng Lae,root item with no P279/P361 parent and no P2341/P495 value; a Thailand genre missed by the automated seed/indigenous_to classification (high confidence),Q867306,
Q7190617,Pichakaree,root item with no P279/P361 parent and no P2341/P495 value; a Trinidad and Tobago genre missed by the automated seed/indigenous_to classification (medium confidence),Q6942303,
Q40501317,Polca canaria,root item with no P279/P361 parent and no P2341/P495 value; a the Canary Islands genre missed by the automated seed/indigenous_to classification (high confidence),Q6942354,
Q114799579,Pop music in Brazil,root item with no P279/P361 parent and no P2341/P495 value; a Brazil genre missed by the automated seed/indigenous_to classification (high confidence),Q899215,
Q5266196,rough music,root item with no P279/P361 parent and no P2341/P495 value; a England genre missed by the automated seed/indigenous_to classification (medium confidence),Q110558058,
Q6113614,rumba vallecana,root item with no P279/P361 parent and no P2341/P495 value; a Spain genre missed by the automated seed/indigenous_to classification (medium confidence),Q964987,
Q28017865,Sabanera music,root item with no P279/P361 parent and no P2341/P495 value; a Colombia genre missed by the automated seed/indigenous_to classification (medium confidence),Q920883,
Q7402829,Sakara music,root item with no P279/P361 parent and no P2341/P495 value; a Nigeria genre missed by the automated seed/indigenous_to classification (high confidence),Q2738838,
Q6117417,Saloma,root item with no P279/P361 parent and no P2341/P495 value; a Malaysia genre missed by the automated seed/indigenous_to classification (medium confidence),Q3328715,
Q132733254,saxocumbia,root item with no P279/P361 parent and no P2341/P495 value; a Colombia genre missed by the automated seed/indigenous_to classification (medium confidence),Q920883,
Q105762622,Sepolcro,root item with no P279/P361 parent and no P2341/P495 value; a Italy genre missed by the automated seed/indigenous_to classification (medium confidence),Q3679098,
Q100307135,sikuris de italaque,root item with no P279/P361 parent and no P2341/P495 value; a Bolivia genre missed by the automated seed/indigenous_to classification (high confidence),Q3328603,
Q2241518,Simadan,root item with no P279/P361 parent and no P2341/P495 value; a Curaçao genre missed by the automated seed/indigenous_to classification (high confidence),Q28129954,
Q7561291,Songo-salsa,root item with no P279/P361 parent and no P2341/P495 value; a Cuba genre missed by the automated seed/indigenous_to classification (medium confidence),Q1544863,
Q20021568,Spanish musical revue,root item with no P279/P361 parent and no P2341/P495 value; a Spain genre missed by the automated seed/indigenous_to classification (medium confidence),Q964987,
Q2329445,Stambeli,root item with no P279/P361 parent and no P2341/P495 value; a Tunisia genre missed by the automated seed/indigenous_to classification (high confidence),Q936552,
Q7636849,Sulukan,root item with no P279/P361 parent and no P2341/P495 value; a the Philippines genre missed by the automated seed/indigenous_to classification (medium confidence),Q3328743,
Q3394533,Tabanka,root item with no P279/P361 parent and no P2341/P495 value; a Cape Verde genre missed by the automated seed/indigenous_to classification (high confidence),Q188237,
Q7676784,tajaraste,root item with no P279/P361 parent and no P2341/P495 value; a the Canary Islands genre missed by the automated seed/indigenous_to classification (high confidence),Q6942354,
Q49001554,Tamang Selo,root item with no P279/P361 parent and no P2341/P495 value; a Nepal genre missed by the automated seed/indigenous_to classification (medium confidence),Q3328735,
Q9081689,tamborileros de Tabasco,root item with no P279/P361 parent and no P2341/P495 value; a Mexico genre missed by the automated seed/indigenous_to classification (high confidence),Q3397325,
Q1871532,tambu music,root item with no P279/P361 parent and no P2341/P495 value; a Curaçao genre missed by the automated seed/indigenous_to classification (high confidence),Q28129954,
Q5397405,Tamunangue,root item with no P279/P361 parent and no P2341/P495 value; a Venezuela genre missed by the automated seed/indigenous_to classification (high confidence),Q2486179,
Q7684951,taqtuqa,root item with no P279/P361 parent and no P2341/P495 value; a Egypt genre missed by the automated seed/indigenous_to classification (medium confidence),Q18129813,
Q10979284,Tarling,root item with no P279/P361 parent and no P2341/P495 value; a Indonesia genre missed by the automated seed/indigenous_to classification (medium confidence),Q1210921,
Q2656325,Toeshey,root item with no P279/P361 parent and no P2341/P495 value; a Bhutan genre missed by the automated seed/indigenous_to classification (high confidence),Q592807,
Q3622181,tonadilla,root item with no P279/P361 parent and no P2341/P495 value; a Spain genre missed by the automated seed/indigenous_to classification (medium confidence),Q964987,
Q114960929,trall,root item with no P279/P361 parent and no P2341/P495 value; a Norway genre missed by the automated seed/indigenous_to classification (medium confidence),Q833189,
Q127606466,UK gqom,root item with no P279/P361 parent and no P2341/P495 value; a the United Kingdom genre missed by the automated seed/indigenous_to classification (high confidence),Q268673,
Q4006465,Urlatori,root item with no P279/P361 parent and no P2341/P495 value; a Italy genre missed by the automated seed/indigenous_to classification (high confidence),Q3679098,
Q7911938,vallenato-salsa,root item with no P279/P361 parent and no P2341/P495 value; a Colombia genre missed by the automated seed/indigenous_to classification (medium confidence),Q920883,
Q97659647,vilancete,root item with no P279/P361 parent and no P2341/P495 value; a Portugal genre missed by the automated seed/indigenous_to classification (medium confidence),Q2579987,
Q2886472,wititi,root item with no P279/P361 parent and no P2341/P495 value; a Peru genre missed by the automated seed/indigenous_to classification (high confidence),Q3085344,
Q8044658,Xintianyou,root item with no P279/P361 parent and no P2341/P495 value; a China genre missed by the automated seed/indigenous_to classification (medium confidence),Q277393,
Q12251955,Yamani palm music,root item with no P279/P361 parent and no P2341/P495 value; a Yemen genre missed by the automated seed/indigenous_to classification (medium confidence),Q3328786,
Q11903204,Zouk chouv,root item with no P279/P361 parent and no P2341/P495 value; a the French Antilles genre missed by the automated seed/indigenous_to classification (medium confidence),Q108151421,
Q4193824,der song,root item with no P279/P361 parent and no P2341/P495 value; a German genre confirmed by user request (high confidence),Q2743758,
Q16606623,metal prehispánico,"root item with no P279/P361 parent; a heavy metal fusion genre incorporating pre-Hispanic Indigenous instruments and themes from multiple Latin American countries with no single national/ethnic home, so reclassified regional under a synthetic indigenous-Americas overview instead of a canonical parent",LOCAL:indigenous-americas,
Q5767310,chobena,"root item with no P279/P361 parent and no P2341/P495 value, but a Bolivian genre missed by the automated seed/indigenous_to/country_of_origin classification (high confidence)",Q3328603,
Q4832900,Jarabe,"root item with no P279/P361 parent and no P2341/P495 value, but a Mexican genre missed by the automated seed/indigenous_to/country_of_origin classification (high confidence)",Q3397325,
Q10283571,forrocore,"root item with no P279/P361 parent and no P2341/P495 value, but a Brazilian genre missed by the automated seed/indigenous_to/country_of_origin classification (high confidence)",Q899215,
Q2744144,Gharnati music,"root item with no P279/P361 parent and no P2341/P495 value, but an Algerian genre missed by the automated seed/indigenous_to/country_of_origin classification (medium confidence)",Q3328583,
Q6003760,Imene metua,"root item with no P279/P361 parent and no P2341/P495 value, but a Cook Islands genre missed by the automated seed/indigenous_to/country_of_origin classification (high confidence)",Q16823040,
Q6450040,Kwakwaka'wakw music,"root item with no P279/P361 parent; Wikidata's own P495 (country of origin) value is Q30 United States, which is incorrect - Kwakwaka'wakw is a First Nation of coastal British Columbia/Vancouver Island, Canada; classified by ethnographic fact rather than the erroneous source statement (high confidence)",Q6942037,
Q16291117,aiyai,"root item with no P279/P361 parent, but P495 (country of origin) = Q262 Algeria; Saharan music style missed by the automated seed/indigenous_to/country_of_origin classification (high confidence)",Q3328583,
Q6793820,alriyfy music,"root item with no P279/P361 parent, but P495 (country of origin) = Q1016 Saudi Arabia (high confidence)",Q3328758,
Q61998611,anti runa,"root item with no P279/P361 parent, but P495 (country of origin) = Q419 Peru; Inca-rooted dance/music tradition (high confidence)",Q3085344,
Q4796091,arrorró,"root item with no P279/P361 parent, but P495 (country of origin) = Q29 Spain; Canarian lullaby style (high confidence)",Q964987,
Q108032157,banja,"root item with no P279/P361 parent, but P495 (country of origin) = Q730 Suriname (high confidence)",Q6942295,
Q16531329,bantu groove,"root item with no P279/P361 parent, but P495 (country of origin) = Q1009 Cameroon (high confidence)",Q10334892,
Q3656557,canzone del Mala,"root item with no P279/P361 parent, but P495 (country of origin) = Q38 Italy; Milanese criminal-underworld song tradition (high confidence)",Q3679098,
Q25393943,fanka,"root item with no P279/P361 parent, but P495 (country of origin) = Q1045 Somalia (high confidence)",Q6942277,
Q5979609,los Cristos,"root item with no P279/P361 parent, but P495 (country of origin) = Q29 Spain (high confidence)",Q964987,
Q7070611,nuubaat,"root item with no P279/P361 parent, but P495 (country of origin) = Q262 Algeria; form of Algerian classical music (high confidence)",Q3328583,
Q17996401,paso huanquilla,"root item with no P279/P361 parent, but P495 (country of origin) = Q419 Peru; Peruvian folk dance/music tradition (high confidence)",Q3085344,
Q5970684,pesás,"root item with no P279/P361 parent, but P495 (country of origin) = Q29 Spain (high confidence)",Q964987,
Q107641327,soko,"root item with no P279/P361 parent, but P495 (country of origin) = Q730 Suriname; Surinamese song genre (high confidence)",Q6942295,
Q6136664,swing criollo,"root item with no P279/P361 parent, but P495 (country of origin) = Q800 Costa Rica (high confidence)",Q17080863,
Q123382682,takborsé,"root item with no P279/P361 parent, but P495 (country of origin) = Q965 Burkina Faso (high confidence)",Q6942028,
Q6153333,trovo,"root item with no P279/P361 parent, but P495 (country of origin) = Q29 Spain; poetic-improvisation-over-folkloric-music tradition (high confidence)",Q964987,
Q97171241,tundiqui,"root item with no P279/P361 parent; P495 (country of origin) lists BOTH Q419 Peru and Q750 Bolivia with no single clear attribution, so classified under a shared Andean-region overview rather than arbitrarily picking one country (user-confirmed umbrella approach)",LOCAL:andean-music,
Q25419750,novo movimento,"root item with no P279/P361/P495/P17; only signal is a Portuguese-language label, ambiguous between Portugal and Brazil, so classified under a shared Lusophone-music overview rather than guessing a single country (user-confirmed umbrella approach)",LOCAL:lusophone-music,
Q85749252,brunette,"root item with no P279/P361/P495 parent; has P366 (has use) = Q142 France rather than P495 country-of-origin, but is a well-documented 17th-18th c. French song genre (medium confidence, user-confirmed)",Q672134,
Q118123408,plaza musika,"root item with no P279/P361/P495 parent; Basque-language label and description (""euskal musika generoa"" = Basque music genre), no separate Basque-Country overview existed so one was added (medium confidence, user-confirmed)",LOCAL:basque-country,
Q11058740,bait,"root item with no P279/P361/P495 parent; epic/lyrical-epic genre of Tatar and Bashkir poetry, both ethnic groups native to republics within Russia (medium confidence, user-confirmed guess)",Q2498201,
Q16696914,senliau,"root item with no P279/P361/P495 parent; Russian-language description identifies it as a genre of Bashkir folk music, Bashkortostan being a federal subject of Russia (medium confidence, user-confirmed guess)",Q2498201,
Q97220894,sacred singing circle,"root item with no P279/P361/P495 parent; Hebrew label/description (""מעגל שירה"" / ""singing genre in public"") suggests an Israeli communal-singing tradition (low-medium confidence, user-confirmed guess)",Q3858,
Q56344591,soil,"root item with no P279/P361/P495 parent; Ukrainian-language description (""жанр музики"") suggests a Ukrainian genre (low-medium confidence, user-confirmed guess)",Q155858,
Q1258366,tower music,"root item with no P279/P361/P495 parent; brass-from-a-tower performance tradition (Turmmusik) most associated with the German Stadtpfeifer tradition, though the practice existed more broadly in German-speaking Europe (low confidence, user-confirmed guess)",Q2743758,
Q18358825,Verso,"root item with no P279/P361/P495 parent; genre in Iberian organ music, but ""verso"" specifically denotes a distinctly Portuguese liturgical organ tradition (as opposed to Spain's tiento) (low-medium confidence, user-confirmed guess)",Q2579987,
Q28147473,bolero salsa,"root item with no P279/P361/P495 parent; slow-dance salsa subgenre named for bolero, whose birthplace is Cuba, though salsa itself is pan-Caribbean (low confidence, user-confirmed guess)",Q1544863,
Q3470213,salsaton,"root item with no P279/P361/P495 parent; salsa/reggaeton fusion, reggaeton's birthplace being Puerto Rico, though the genre itself is a cross-national fusion (low confidence, user-confirmed guess)",Q427183,
Q6420782,klezmer fiddle,"root item with no P279/P361/P495 parent; genre rooted in the Ashkenazi Jewish shtetl tradition of Eastern Europe, predating the modern state of Israel, loosely associated with Jewish music heritage (low confidence, user-confirmed guess)",Q3858,
Q4670712,Abwe,root item with no P279/P361 parent; Wikidata P495 (country of origin) = Cuba,Q1544863,
Q4857249,Bantowbol,root item with no P279/P361 parent; Wikidata P495 = Cameroon,Q10334892,
Q1227093,Bilbainada,root item with no P279/P361 parent; Wikidata P495 = Spain,Q964987,
Q4939163,Bolel,root item with no P279/P361 parent; Wikidata P495 = Ethiopia,Q2917508,
Q16845069,Bothy band,root item with no P279/P361 parent; Wikidata P495 = Scotland,Q1048469,
Q5116146,Chumba,root item with no P279/P361 parent; Wikidata P495 = Belize,Q968018,
Q5256877,Dene music,root item with no P279/P361 parent; Wikidata P495 = Canada,Q6942037,
Q16029081,Deuda song,root item with no P279/P361 parent; Wikidata P495 = Nepal,Q3328735,
Q5518471,Galerón,root item with no P279/P361 parent; Wikidata P495 = Venezuela,Q2486179,
Q104771349,Jalaíto,root item with no P279/P361 parent; Wikidata P495 = Colombia,Q920883,
Q16941867,Jamaquello,root item with no P279/P361 parent; Wikidata P495 = Nicaragua,Q6942217,
Q5954460,Juga,root item with no P279/P361 parent; Wikidata P495 = Colombia,Q920883,
Q93258199,Jyoti Sangeet,root item with no P279/P361 parent; Wikidata P495 = India,Q531426,
Q6378419,Katuli,root item with no P279/P361 parent; Wikidata P495 = Iran,Q1672398,
Q108651047,Kiarou,root item with no P279/P361 parent; Wikidata P495 = Benin,Q10334885,
Q6032954,Kilam,root item with no P279/P361 parent; Wikidata P495 = Turkey,Q1074080,
Q3293102,Marimbalax,root item with no P279/P361 parent; Wikidata P495 = Chile,Q3889385,
Q25204037,Paranda,root item with no P279/P361 parent; Wikidata P495 = Guatemala,Q1298412,
Q16965849,Sawani,root item with no P279/P361 parent; Wikidata P495 = India,Q531426,
Q7513991,Sikuri,root item with no P279/P361 parent; Wikidata P495 = Peru,Q3085344,
Q2956228,Songs of realization,root item with no P279/P361 parent; Wikidata description identifies it as a musical genre of ancient India,Q17075815,
Q7690640,Tche music,root item with no P279/P361 parent; Wikidata P495 = Brazil,Q899215,
Q63122412,Unaizah Samri,root item with no P279/P361 parent; Wikidata P495 = Saudi Arabia (Al Qassim Region),Q3328758,
Q10801090,Vietnamese diasporic music,root item with no P279/P361 parent; Wikidata P495 = Vietnam,Q1156957,
Q8072348,Zindalii,root item with no P279/P361 parent; Wikidata P495 = Algeria,Q3328583,
Q105044420,East Bay Grease,"root item with no P279/P361/P495 parent; funk term tied to the San Francisco East Bay scene (medium confidence, user-confirmed guess)",Q2267955,
Q85794311,Preaching Chords,"root item with no P279/P361/P495 parent; likely Black-church/gospel preaching-and-music tradition (low confidence, user-confirmed guess)",Q2267955,
Q7525526,Sioux music,"root item with no P279/P361/P495 parent; Sioux/Lakota tradition, primarily US Great Plains (medium confidence, user-confirmed guess)",Q2267955,
Q7561194,Song poem,"root item with no P279/P361/P495 parent; Wikidata description says ""20th century North America"", narrowed to United States (medium confidence, user-confirmed guess)",Q2267955,
Q967167,Russendisko,"root item with no P279/P361/P495 parent; Russian-émigré club-night scene physically located in Berlin, Germany (medium confidence, user-confirmed guess)",Q2743758,
Q4848983,Baka music,"root item with no P279/P361/P495 parent; Baka Pygmy people span Cameroon/Gabon/CAR/Congo, Cameroon has the largest population (low-medium confidence, user-confirmed guess)",Q10334892,
Q104870221,Bertitik,"root item with no P279/P361/P495 parent; Bajau traditional ensemble, Bajau people span Malaysia/Philippines/Indonesia, Sabah (Malaysia) has the largest population (low-medium confidence, user-confirmed guess)",Q3328715,
Q5521262,Gangtai,"root item with no P279/P361/P495 parent; term jointly denotes Hong Kong + Taiwan pop music, Hong Kong chosen as a coin-flip (low confidence, user-confirmed guess)",Q6942118,
Q6772364,Maroon music,"root item with no P279/P361/P495 parent; Maroon (escaped-slave descendant) communities span Jamaica, Suriname, French Guiana and other Caribbean/circum-Caribbean nations (medium confidence, user-confirmed guess)",Q3394906,
Q3470607,Sama'i,"root item with no P279/P361 parent, but a Turkish Ottoman classical vocal/instrumental form (country of origin Turkey) missed by the automated seed/indigenous_to/country_of_origin classification",Q1074080,
Q4065202,Anglo-American music,"root item with no P279/P361 parent and no P2341/P495 value, a cross-national English-speaking-world genre grouping missed by the automated seed/indigenous_to/country_of_origin classification",LOCAL:anglo-american-music,
Q86679227,Aramaic music,"root item with no P279/P361 parent and no P2341/P495 value, a cross-national Aramaic/Assyrian-Syriac genre grouping missed by the automated seed/indigenous_to/country_of_origin classification",LOCAL:aramaic-music,
Q16724491,Nordic tone,"root item with no P279/P361 parent and no P2341/P495 value, a cross-national Nordic/Scandinavian genre grouping missed by the automated seed/indigenous_to/country_of_origin classification",LOCAL:nordic-music,
Q7570655,Southern cone music,"root item with no P279/P361 parent and no P2341/P495 value, a cross-national Southern Cone genre grouping missed by the automated seed/indigenous_to/country_of_origin classification",LOCAL:southern-cone,
Q3398980,Bailada,"root item with no P279/P361 parent, but a Spanish genre missed by the automated seed/indigenous_to/country_of_origin classification",Q964987,
Q1217862,Die anderen Bands,"root item with no P279/P361 parent, but a German genre missed by the automated seed/indigenous_to/country_of_origin classification",Q2743758,
Q18205595,BMG movement,"root item with no P279/P361 parent, but a United-States-originated (Banjo/Mandolin/Guitar) genre missed by the automated seed/indigenous_to/country_of_origin classification",Q2267955,
Q5442427,Fell,"root item with no P279/P361 parent, but a traditional Goan Catholic folk dance/music genre performed during the Goa Carnival (country India) missed by the automated seed/indigenous_to/country_of_origin classification",Q531426,
Q4456147,Terra Verde,"root item with no P279/P361 parent, but a United States contemporary-ragtime offshoot (coined 1995 by David Thomas Roberts) missed by the automated seed/indigenous_to/country_of_origin classification",Q2267955,
Q16115207,Cha-wave,"root item with no P279/P361 parent, but a Croatian genre (popular music in the Chakavian dialect) missed by the automated seed/indigenous_to/country_of_origin classification",Q1236268,
Q6694797,Lu,"root item with no P279/P361 parent, but a Tibetan a cappella high-pitched folk-song style missed by the automated seed/indigenous_to/country_of_origin classification",Q1585558,
Q7424751,Sarva,"root item with no P279/P361 parent, but an Iranian (Bushehr-region) genre of free-metre couplets with ney anban bagpipe missed by the automated seed/indigenous_to/country_of_origin classification",Q1672398,
Q5276393,Dihanaam,"root item with no P279/P361 parent, but an Assamese (India) devotional call-and-response singing tradition (Sankardev tradition) missed by the automated seed/indigenous_to/country_of_origin classification",Q531426,
Q10352317,pra God,"root item with no P279/P361 parent, but a Brazilian genre (country of origin Brazil, tagged under Wiki Loves Cultura Popular Brasil) missed by the automated seed/indigenous_to/country_of_origin classification",Q899215,
Q136342829,Hò,"root item with no P279/P361 parent and no resolvable Wikidata label, but a Vietnamese traditional work/folk song genre (country of origin Vietnam, linked to Vietnamese Wikipedia article Hò) missed by the automated seed/indigenous_to/country_of_origin classification",Q1156957,
Q7920719,Ver,"root item with no P279/P361 parent, but a Goan (India) folk-song genre sung during the pre-wedding Ros/Roce ceremony (related to Mando/Dulpod/Ovi) missed by the automated seed/indigenous_to/country_of_origin classification",Q531426,
Q124130234,Burlesque,"root item with no P279/P361 parent, but a comic/satirical musical-theatre genre originating in 18th-century Europe with no single national home missed by the automated seed/indigenous_to/country_of_origin classification",Q3328676,
Q5150913,Combined rhythm,"root item with no P279/P361 parent and no P2341/P495 value, but a Dutch Antillean genre (Ritmo Kombina, sung in Papiamento) missed by the automated seed/indigenous_to/country_of_origin classification",Q28129954,
Q11300154,ground beat,"root item with no P279/P361 parent and no P2341/P495 value, but an early-1990s London (UK) acid jazz/rare-groove offshoot missed by the automated seed/indigenous_to/country_of_origin classification",Q268673,
Q6367434,Kar,root item with no P279/P361 parent; Ottoman/Turkish classical vocal genre missed by the automated seed/indigenous_to/country_of_origin classification,Q1074080,
Q8074593,Zoti,root item with no P279/P361 parent; Goan (India) wedding song genre missed by the automated classification,Q6942096,
Q131926355,Chuntunqui,root item with no P279/P361 parent; Bolivian (Chuquisaca) genre missed by the automated classification,Q3328603,
Q3026173,diane,root item with no P279/P361 parent; French military reveille drum-call genre missed by the automated classification,Q672134,
Q3868755,mutu,root item with no P279/P361 parent; Sardinian (Italy) improvised sung-poetry genre missed by the automated classification,Q6942263,
Q6109162,ritmo de panaderas,root item with no P279/P361 parent; Castilian (Spain) work-song genre missed by the automated classification,Q964987,
Q16674705,matanya,root item with no P279/P361 parent; Russian chastushka-family folk-song genre missed by the automated classification,Q2498201,
Q5001430,bush ballad,root item with no P279/P361 parent; Australian ballad genre missed by the automated classification,Q3114644,
Q7694469,teenage tragedy song,root item with no P279/P361 parent; American 1950s-60s pop ballad genre missed by the automated classification,Q2267955,
Q966438,blues ballad,root item with no P279/P361 parent; American blues/ballad hybrid genre missed by the automated classification,Q2267955,
Q1947846,murder ballad,root item with no P279/P361 parent; transatlantic Anglo-American ballad genre missed by the automated classification,LOCAL:anglo-american-music,
Q106590023,execution ballad,root item with no P279/P361 parent; transatlantic Anglo-American ballad genre missed by the automated classification,LOCAL:anglo-american-music,
Q579955,regueifa,root item with no P279/P361 parent; Galician (Spain) improvisational singing-duel genre missed by the automated classification,Q10334896,
Q1033810,cantiga de amigo,root item with no P279/P361 parent; medieval Galician-Portuguese lyric genre missed by the automated classification,Q110592632,
Q1779319,cantiga de amor,root item with no P279/P361 parent; medieval Galician-Portuguese lyric genre missed by the automated classification,Q110592632,
Q1779217,cantiga de escarnio e maldizer,root item with no P279/P361 parent; medieval Galician-Portuguese lyric genre missed by the automated classification,Q110592632,
Q8083433,Żurawiejka,root item with no P279/P361 parent; Polish cavalry-regiment song genre missed by the automated classification,Q473602,
Q5449121,Filmi-ghazal,root item with no P279/P361 parent; Indian (Bollywood) film-ghazal genre missed by the automated classification,Q531426,
Q7634691,Sugama Sangeetha,root item with no P279/P361 parent; Kannada (India) light-music genre missed by the automated classification,Q531426,
Q896981,field holler,root item with no P279/P361 parent; African-American work-song genre missed by the automated classification,Q2267955,
Q4993817,military cadence,root item with no P279/P361 parent; American military marching-cadence genre missed by the automated classification,Q2267955,
Q16820420,American march music,root item with no P279/P361 parent; American march genre missed by the automated classification,Q2267955,
Q122730605,Cosmic American,root item with no P279/P361 parent; American genre term (coined by Gram Parsons) missed by the automated classification,Q2267955,
Q107539904,estrada music,root item with no P279/P361 parent; Soviet-era popular-music genre spanning the USSR missed by the automated classification,Q130572,
Q97326344,musica leggera,root item with no P279/P361 parent; Italian light-pop genre missed by the automated classification,Q3679098,
Q3980643,tammurriata,root item with no P279/P361 parent; Campanian (Italy) folk-dance genre missed by the automated classification,Q3679098,
Q120413103,tarantella napoletana,root item with no P279/P361 parent; Neapolitan (Italy) tarantella genre missed by the automated classification,Q3679098,
Q448738,ensalada,root item with no P279/P361 parent; Spanish Renaissance quodlibet genre missed by the automated classification,Q964987,
Q2447826,katta ashula,root item with no P279/P361 parent; Uzbek vocal genre missed by the automated classification,Q3328738,
Q1540495,puirt à beul,root item with no P279/P361 parent; Scottish Gaelic mouth-music genre missed by the automated classification,Q1048469,
Q111212208,xoan,root item with no P279/P361 parent; Vietnamese (Phu Tho) folk-song genre missed by the automated classification,Q1156957,
Q135472492,Dangdut hip-hop,root item with no P279/P361 parent; Indonesian genre fusion missed by the automated classification,Q1210921,
Q124342217,Cateretê,root item with no P279/P361 parent; Brazilian folk-dance genre missed by the automated classification,Q899215,
Q124342216,Tanguinho,root item with no P279/P361 parent; Brazilian genre missed by the automated classification,Q899215,
Q115632110,batuque paulista,root item with no P279/P361 parent; Brazilian (São Paulo) genre missed by the automated classification,Q899215,
Q812605,Bavarian polka,root item with no P279/P361 parent; Bavarian (Germany) regional genre missed by the automated classification,Q110167313,
Q79054127,Kengë malsorqe,root item with no P279/P361 parent; Albanian highland song genre missed by the automated classification,Q1075799,
Q8062662,Yōkyoku,root item with no P279/P361 parent; Japanese Noh vocal genre missed by the automated classification,Q257533,
Q5242609,Dawr,root item with no P279/P361 parent; Egyptian classical vocal genre missed by the automated classification,Q18129813,
Q11497177,Temari song,root item with no P279/P361 parent; Japanese children's-song genre missed by the automated classification,Q257533,
Q60792489,Galician chant,root item with no P279/P361 parent; Galician (Spain) chant genre missed by the automated classification,Q10334896,
Q2956242,Messinian chant,root item with no P279/P361 parent; Greek chant genre missed by the automated classification,Q1465419,
Q25400286,Nyabinghi chanting,root item with no P279/P361 parent; Jamaican Rastafari chant genre missed by the automated classification,Q572717,
Q7663254,Syriac chant,root item with no P279/P361 parent; Aramaic/Syriac liturgical chant genre with no single national home missed by the automated classification,LOCAL:aramaic-music,
Q48747276,lamentu,root item with no P279/P361 parent; Corsican funeral-lament genre missed by the automated classification,Q2378916,
Q2894547,keening,root item with no P279/P361 parent; Irish/Scottish Gaelic mourning-lament genre missed by the automated classification,Q1378776,
Q118744385,Latin dance music,root item with no P279/P361 parent; pan-Latin-American dance genre missed by the automated classification,Q727781,
Q98528166,Latin electronic music,root item with no P279/P361 parent; pan-Latin-American electronic genre missed by the automated classification,Q727781,
Q110592440,Contemporary Latin music,root item with no P279/P361 parent; pan-Latin-American genre missed by the automated classification,Q727781,
Q1233698,Harmonie,"root item with no P279/P361 parent; Austrian court wind-ensemble tradition (Harmoniemusik), disambiguated by user against the German alternative",Q2090712,
Q3395292,Bugarštica,"root item with no P279/P361 parent; South Slavic epic ballad genre spanning Dalmatia and the Bay of Kotor, disambiguated by user to the Yugoslav umbrella rather than a single successor state",Q1522794,
Q4469861,ozlau,"root item with no P279/P361 parent; Turkic overtone-singing style spanning Kazakh/Bashkir/Tatar traditions, no single national home; user requested a Turkic-peoples umbrella",LOCAL:turkic-peoples-music,
Q15990884,cantillation,root item with no P279/P361 parent; Jewish liturgical chant tradition with no single national home; user requested a Jewish-liturgical umbrella,LOCAL:jewish-liturgical-music,
Q108297215,chazzanut,root item with no P279/P361 parent; Jewish cantorial liturgical tradition with no single national home; user requested a Jewish-liturgical umbrella,LOCAL:jewish-liturgical-music,
Q6410349,kinah,root item with no P279/P361 parent; Jewish liturgical lamentation genre with no single national home; user requested a Jewish-liturgical umbrella,LOCAL:jewish-liturgical-music,
Q4202963,Ypakoe,root item with no P279/P361 parent; Eastern Orthodox liturgical chant genre with no single national home; user requested an Eastern Orthodox umbrella,LOCAL:eastern-orthodox-chant,
Q1969410,ikos,root item with no P279/P361 parent; Eastern Orthodox liturgical chant genre with no single national home; user requested an Eastern Orthodox umbrella,LOCAL:eastern-orthodox-chant,
Q919516,troparion,root item with no P279/P361 parent; Eastern Orthodox liturgical chant genre with no single national home; user requested an Eastern Orthodox umbrella,LOCAL:eastern-orthodox-chant,
Q21654728,calophonic chant,root item with no P279/P361 parent; Eastern Orthodox ('kalophonic') ornamented chant style with no single national home; user requested an Eastern Orthodox umbrella,LOCAL:eastern-orthodox-chant,
Q5202394,cântec batrânesc,root item with no P279/P361 parent; Romanian epic ballad genre missed by the automated classification,Q852210,
Q1432540,trallalero,"root item with no P279/P361 parent; Genoese (Liguria, Italy) polyphonic singing genre missed by the automated classification",Q3679098,
Q100321326,Dahira,root item with no P279/P361 parent; Senegalese Mouride Sufi devotional chant genre missed by the automated classification,Q3328770,
Q4452845,tahpah,"root item with no P279/P361 parent; Khakas (Siberia, Russia) traditional vocal genre, confirmed via web search and matched to the existing music of Khakassia overview",Q6941928,
Q4869661,battaglia,"root item with no P279/P361 parent; Italian Renaissance/Baroque battle-piece genre, disambiguated by user against the broader pan-European usage",Q3679098,
Q252821,Viennese couplet,root item with no P279/P361 parent; Austrian cabaret/operetta song genre missed by the automated classification,Q2090712,
Q140774743,freilach,root item with no P279/P361 parent; Yiddish/Ashkenazi klezmer dance genre with no single national home; user requested a distinct Jewish-diasporic (non-liturgical) umbrella,LOCAL:jewish-diasporic-music,
Q123177120,franco,"root item with no P279/P361 parent; Quebecois popular-music style, user requested the more precise music of Quebec overview over a generic Canada one",Q3328756,
Q116884389,son,root item with no P279/P361 parent; Cuban genre missed by the automated seed/indigenous_to/country_of_origin classification,Q1544863,
Q107124397,sonero music,root item with no P279/P361 parent; Cuban son-derived genre missed by the automated classification,Q1544863,
Q107740285,cumbia,root item with no P279/P361 parent; user requested the broader music of Latin America overview over a single-country fit,Q727781,
Q9048261,urbano music,"root item with no P279/P361 parent; pan-Latin American urban genre with no single national home, nested under music of Latin America per user request",Q727781,
Q768134,mestizo,"root item with no P279/P361 parent; pan-Latin American mestizo genre with no single national home, nested under music of Latin America per user request",Q727781,
Q6705212,Lusophone music,"root item with no P279/P361 parent; Portuguese-speaking-world genre with no single national home, nested under the existing synthetic Lusophone overview",LOCAL:lusophone-music,
Q111540535,cantautor music,"root item with no P279/P361 parent; Hispanic singer-songwriter tradition with no single national home, nested under the new synthetic Hispanic-world overview per user request",LOCAL:hispanic-world,
Q107718509,Hispanic music,"root item with no P279/P361 parent; broad umbrella with no single national home, promoted to its own synthetic regional overview per user request",LOCAL:hispanic-world,
Q1716019,Jewish music,"root item with no P279/P361 parent; broad umbrella with no single national home, promoted to its own synthetic regional overview per user request",LOCAL:jewish-tradition-music,
Q107024992,ancient Levitical music,"root item with no P279/P361 parent; ancient Temple-era Jewish liturgical music, nested under the existing synthetic Jewish-liturgical overview",LOCAL:jewish-liturgical-music,
Q11907705,Ball de bot,"root item with no P279/P361 parent; traditional Catalan/Balearic folk dance, nested under Catalonia per user disambiguation",Q3808055,
Q16497280,batuque,"root item with no P279/P361 parent; Wikidata confirms country of origin Brazil (""Afro-Brazilian dances accompanied by percussion""), distinct from the separate Cape Verdean batuku tradition",Q899215,
Q3978155,suri sicuri,"root item with no P279/P361 parent; Wikidata lists country of origin as both Bolivia and Peru (genuinely cross-national Andean panpipe tradition), nested under the existing synthetic Andean overview per user request",LOCAL:andean-music,
Q17598653,kitchen song,"root item with no P279/P361 parent; confirmed via web research as a Newfoundland/Canadian-Maritime kitchen-party folk tradition, not Scottish or Irish specifically",Q6942214,
Q13037709,Borrohite,root item with no P279/P361 parent; Albanian shepherd funeral song tradition confirmed via web research,Q1075799,
Q21064844,Hako,"root item with no P279/P361 parent; Wikidata confirms country of origin Chile, subclass of war dance",Q3889385,
Q12825187,Kor,root item with no P279/P361 parent; Wikidata confirms part of the culture of Uzbekistan per the National Encyclopedia of Uzbekistan,Q3328738,
Q107641917,Laku,"root item with no P279/P361 parent; Wikidata confirms country of origin Suriname (""Surinamese dance and music style"")",Q6942295,
Q138388459,la danse Falé,root item with no P279/P361 parent; Wikidata confirms country of origin Mali,Q10334890,
Q130660185,New Partisans,"root item with no P279/P361 parent; 1980s Yugoslav music movement, subclass of ""popular music in Yugoslavia"" which never got its own item row in the tree, so nested under the national overview instead",Q1522794,
Q3981262,Tasgia,"root item with no P279/P361 parent; polyphonic singing system specific to upper Gallura, Sardinia, subclass of ""polyphony"" which never got its own item row in the tree, so nested under the more specific Sardinia overview instead of Italy",Q6942263,
Q5821609,costillar,"root item with no P279/P361 parent; confirmed via web research as a Chiloé, Chile folk dance (bottle-circling dance)",Q3889385,
Q724010,Ashiqs of Azerbaijan,root item with no P279/P361 parent; Azerbaijani bardic singing tradition,Q724104,
Q2881396,Ballu tundu,root item with no P279/P361 parent; Sardinian dance tradition,Q6942263,
Q115632116,Batuque de Umbigada,root item with no P279/P361 parent; Brazilian belly-bump dance tradition,Q899215,
Q4897056,Beste,root item with no P279/P361 parent; Ottoman/Turkish classical vocal form,Q1074080,
Q2741465,Calinda,root item with no P279/P361 parent; Trinidadian stick-fighting song/dance tradition,Q6942303,
Q5031532,Canción mexicana,root item with no P279/P361 parent; Mexican song genre,Q3397325,
Q12385250,Carballesa,root item with no P279/P361 parent; Galician traditional dance,Q10334896,
Q2668052,Dutch-language music,root item with no P279/P361 parent; genre defined by Dutch-language lyrics,Q377185,
Q1046920,Dōjin music,root item with no P279/P361 parent; Japanese fan-made/independent music scene,Q257533,
Q1942905,Geuzen song,root item with no P279/P361 parent; 16th-century Dutch Beggars (Geuzen) song tradition,Q377185,
Q1915787,H8000,"root item with no P279/P361 parent; Kortrijk, Belgium hardcore punk scene",Q2587471,
Q127472147,Hindi music,root item with no P279/P361 parent; genre defined by Hindi-language lyrics,Q531426,
Q16154635,Kabarett,root item with no P279/P361 parent; German cabaret song tradition,Q2743758,
Q6351763,Kalbelia,root item with no P279/P361 parent; Rajasthani (India) folk music/dance tradition,Q531426,
Q109470684,Kanshū,root item with no P279/P361 parent; Japanese rakugo-tradition term,Q257533,
Q3192842,Kapa haka,root item with no P279/P361 parent; Māori performing-arts tradition,Q6942216,
Q3656514,Milanese song,root item with no P279/P361 parent; song genre in the Milanese dialect,Q3679098,
Q109470683,Péilú,root item with no P279/P361 parent; Japanese rakugo-tradition term,Q257533,
Q109470688,Ringa,root item with no P279/P361 parent; Japanese rakugo-tradition term,Q257533,
Q109470687,Senshuraku,root item with no P279/P361 parent; Japanese rakugo-tradition term,Q257533,
Q109470685,Torika,root item with no P279/P361 parent; Japanese rakugo-tradition term,Q257533,
Q109470686,so gōkō,root item with no P279/P361 parent; Japanese rakugo-tradition term,Q257533,
Q13118900,Powada,root item with no P279/P361 parent; Marathi (India) ballad tradition,Q531426,
Q6093230,Punto guanacasteco,root item with no P279/P361 parent; Costa Rican national dance/song,Q17080863,
Q12154808,Ukrainian social household song,root item with no P279/P361 parent; Ukrainian domestic folk-song tradition,Q155858,
Q19899689,Rebita,root item with no P279/P361 parent; Greek rebetiko-adjacent dance/song form,Q1465419,
Q3487087,Smyrneiko,root item with no P279/P361 parent; Greek (Smyrna-style) rebetiko genre,Q1465419,
Q12338430,Sønderhoning,root item with no P279/P361 parent; Danish (Sønderho) folk dance tradition,Q2449418,
Q10378015,Tambor de Crioula,root item with no P279/P361 parent; Brazilian (Maranhão) Afro-Brazilian tradition,Q899215,
Q6147820,Tocotín,root item with no P279/P361 parent; Mexican colonial-era dance/song tradition,Q3397325,
Q5655239,abozao,root item with no P279/P361 parent; Panamanian dance/genre,Q6942240,
Q3631657,aṣíkò,root item with no P279/P361 parent; Yoruba (Nigeria) music genre,Q2738838,
Q15720097,bhavageete,root item with no P279/P361 parent; Kannada (India) devotional/lyrical poetry set to music,Q531426,
Q120403952,bulería of Jerez de la Frontera,"root item with no P279/P361 parent; flamenco palo specific to Jerez, Spain",Q964987,
Q9668561,bumba meu boi do Maranhão,root item with no P279/P361 parent; Brazilian (Maranhão) folk tradition,Q899215,
Q18466722,cacuriá,root item with no P279/P361 parent; Brazilian (Maranhão) folk dance,Q899215,
Q20102893,cançó de croada,root item with no P279/P361 parent; Catalan song tradition,Q3808055,
Q508790,chastushka,root item with no P279/P361 parent; Russian short humorous folk verse-song,Q2498201,
Q5116136,chumaichada,root item with no P279/P361 parent; Galician traditional dance,Q10334896,
Q5793032,cuándo,root item with no P279/P361 parent; Argentine folk dance,Q645992,
Q5221793,dappankuthu,root item with no P279/P361 parent; Tamil Nadu (India) dance-music genre,Q531426,
Q985135,giddha,root item with no P279/P361 parent; Punjabi (India) folk dance/song,Q531426,
Q2249365,kawina,root item with no P279/P361 parent; Afro-Surinamese music genre,Q6942295,
Q25624527,luddi,root item with no P279/P361 parent; Punjabi (India) folk dance,Q531426,
Q5799202,machetero,root item with no P279/P361 parent; Bolivian folk dance,Q3328603,
Q1423598,mapalé,root item with no P279/P361 parent; Afro-Colombian dance genre,Q920883,
Q1262697,mento,root item with no P279/P361 parent; Jamaican folk music genre,Q572717,
Q12399034,muiñeira vella,root item with no P279/P361 parent; Galician traditional dance,Q10334896,
Q20492204,music in Catalan language,root item with no P279/P361 parent; genre defined by Catalan-language lyrics,Q3808055,
Q138327511,nat thachin,root item with no P279/P361 parent; Burmese (Myanmar) traditional song genre,Q3328602,
Q6066199,patacoré,root item with no P279/P361 parent; Afro-Colombian (Chocó) dance genre,Q920883,
Q6126881,shaqapas,root item with no P279/P361 parent; Bolivian (Aymara) dance genre,Q3328603,
Q6129485,sirilla,root item with no P279/P361 parent; Bolivian dance genre,Q3328603,
Q100330639,steel drum music,root item with no P279/P361 parent; Trinidadian steelpan music tradition,Q6942303,
Q3529199,tinku,root item with no P279/P361 parent; Bolivian ritual dance,Q3328603,
Q97097034,tirana,root item with no P279/P361 parent; Spanish (flamenco-adjacent) song form,Q964987,
Q65212418,Pandero song,root item with no P279/P361 parent; Puerto Rican pandero-driven music tradition,Q427183,
Q5676196,Pandilla Punoan,root item with no P279/P361 parent; Peruvian (Puno) dance genre,Q3085344,
Q7259146,Pukllay,root item with no P279/P361 parent; Peruvian Andean carnival dance,Q3085344,
Q136946883,Wapululos de Lampa,root item with no P279/P361 parent; Peruvian (Lampa) dance genre,Q3085344,
Q12849794,Şərqi,root item with no P279/P361 parent; traditional Azerbaijani song genre,Q724104,
Q2494949,Gato,root item with no P279/P361 parent; Argentine folk dance,Q645992,
Q5479290,Gato cuyano,root item with no P279/P361 parent; Argentine (Cuyo region) folk dance,Q645992,
Q5401205,Zamba alegre,root item with no P279/P361 parent; Argentine folk dance,Q645992,
Q20656222,galopa misionera,root item with no P279/P361 parent; Argentine (Misiones) folk genre,Q645992,
Q6152936,triunfo,root item with no P279/P361 parent; Argentine/Andean folk dance,Q645992,
Q5529320,Gbedu (drum),root item with no P279/P361 parent; Yoruba (Nigeria) drum/music tradition,Q2738838,
Q3835724,Llamerada,root item with no P279/P361 parent; Bolivian (Oruro carnival) llama-themed dance,Q3328603,
Q8774180,El vito,root item with no P279/P361 parent; Andalusian (Spain) traditional dance/song,Q964987,
Q105337573,set-dansi,root item with no P279/P361 parent; Faroese set-dance tradition,Q6942371,
Q3562031,voceru,root item with no P279/P361 parent; Corsican funeral lament tradition,Q2378916,
Q631621,bertsolaritza,root item with no P279/P361 parent; Basque improvised sung-verse tradition,LOCAL:basque-country,
Q2635155,Ahidus,"root item with no P279/P361 parent; Amazigh (Berber, Morocco) collective dance-music tradition",Q2346484,
Q15306187,Corrido,root item with no P279/P361 parent; Mexican narrative ballad genre,Q3397325,
Q25705473,New Year's kalanta,root item with no P279/P361 parent; Greek New Year carol tradition,Q1465419,
Q11395595,debayashi in rakugo,root item with no P279/P361 parent; Japanese rakugo entrance-music genre,Q257533,
Q11660625,densha shōka,root item with no P279/P361 parent; Japanese train-jingle song genre,Q257533,
Q11410949,classic rakugo,root item with no P279/P361 parent; Japanese rakugo performance tradition,Q257533,
Q2036172,pizzica,root item with no P279/P361 parent; Italian (Salento) tarantella-family dance,Q3679098,
Q106560670,suri sicuri (Bolivia),root item with no P279/P361 parent; Bolivia-specific panpipe tradition (label explicitly names the country),Q3328603,
Q324617,tarantella,root item with no P279/P361 parent; Italian folk dance genre,Q3679098,
Q1245536,tuna,root item with no P279/P361 parent; Spanish/Iberian student musical-group tradition,Q964987,
Q16119301,al-hawizi maqam,root item with no P279/P361 parent; Iraqi maqam tradition,Q3328692,
Q373982,logobi,root item with no P279/P361 parent; Ivorian (Cote d'Ivoire) dance-music genre,Q3328693,
Q355247,strathspey,root item with no P279/P361 parent; Scottish dance/tune tradition,Q1048469,
Q133837227,American classical guitar music,root item with no P279/P361 parent; United States classical guitar tradition,Q2267955,
Q141236774,Tame (dansa),"root item with no P279/P361 parent; Wikidata label is missing (displays as bare QID) but WebFetch confirmed real content: Niuean folk dance/music genre ""Tame"" imported from Catalan Wikipedia",Q14548294,
Q107414578,Tuka,root item with no P279/P361 parent; a Surinamese genre missed by the automated seed/indigenous_to/country_of_origin classification,Q6942295,
Q107414547,Maraca,root item with no P279/P361 parent; a Surinamese genre missed by the automated seed/indigenous_to/country_of_origin classification,Q6942295,
Q12257012,Eresiak,"root item with no P279/P361 parent; Basque dirge tradition, more precisely Basque than Spanish so targets the Basque Country overview",LOCAL:basque-country,
Q104870123,Bantu music,"root item with no P279/P361 parent; pan-African ethnolinguistic grouping with no single national/ethnic home, targets the broad Africa overview",Q369820,
Q140285794,Saami-language music,"root item with no P279/P361 parent; Sami tradition spans Norway/Sweden/Finland/Russia with no single national home, targets the Nordic-countries overview",Q26302245,
Q12111341,Cossack song,"root item with no P279/P361 parent; subclass of Slavic folk song, best-documented/UNESCO-recognized tradition is Ukrainian Cossack song",Q155858,
Q137544146,Fife music,"root item with no P279/P361 parent; Wikidata scopes it to the Historical Carnival of Ivrea, an Italian (Piedmontese) tradition",Q3679098,
Q1775526,Contradanza,"root item with no P279/P361 parent; pan-Hispanic dance tradition (Spain, Cuba, Puerto Rico, Dominican Republic, Mexico) with no single national home, targets the Hispanic-world overview per user direction",LOCAL:hispanic-world,
Q2069651,Kolomyjka,root item with no P279/P361 parent; a Ukrainian folk dance/music genre missed by the automated classification,Q155858,
Q17049926,Q'axilu,root item with no P279/P361 parent; a Peruvian indigenous dance/music genre,Q3085344,
Q106527826,Sekete,root item with no P279/P361 parent; a Surinamese dance/music genre,Q6942295,
Q5707612,arunguita,root item with no P279/P361 parent; an Argentine folk dance/music genre,Q645992,
Q1818108,chakroelo,"root item with no P279/P361 parent; this is Chakrulo, a UNESCO-recognized Georgian polyphonic folk song",Q2032053,
Q125923060,charrasquiño,root item with no P279/P361 parent; a Galician (Spain) music and dance form,Q964987,
Q8457821,cielito,root item with no P279/P361 parent; a traditional Argentine (and Uruguayan) folk dance/music genre,Q645992,
Q5581134,gombhira,root item with no P279/P361 parent; a Bengali comedic folk song genre originating in Bangladesh,Q3328593,
Q7724724,kaboela,root item with no P279/P361 parent; a Surinamese music and dance style,Q6942295,
Q6025503,mozo danza,root item with no P279/P361 parent; a Peruvian folk dance/music genre,Q3085344,
Q6057482,pala pala,root item with no P279/P361 parent; a dance/music genre from the Argentine Northwest,Q645992,
Q6058911,palito,root item with no P279/P361 parent; an Argentine folk dance/music genre,Q645992,
Q6103404,refalosa,root item with no P279/P361 parent; a South American folk dance/music genre with stated country of origin Peru,Q3085344,
Q6108923,rin,root item with no P279/P361 parent; a Chilean music genre and dance type,Q3889385,
Q2797513,sainaimu,"root item with no P279/P361 parent; also known as sanam/senem, a folk dance/music genre with country of origin China",Q277393,
Q2748579,Čoček,root item with no P279/P361 parent; a Balkan (Ottoman-era/Romani) musical genre and dance not tied to one modern nation,Q3211884,
Q15623112,Zapateado,root item with no P279/P361 parent; an Andalusian Spanish traditional dance and music style,Q964987,
Q99640582,mining brass band,root item with no P279/P361 parent; a British colliery brass-band tradition (England/Wales),Q268673,
Q3328797,musique actuelle,"root item with no P279/P361 parent; a Quebec-originated (Montreal, FIMAV) avant-garde/experimental music movement",Q6942037,
Q10690617,tango waltz,"root item with no P279/P361 parent; subclass of waltz, but this is the Argentine/Uruguayan tango-adjacent vals criollo style",Q645992,
Q123139242,two step,root item with no P279/P361 parent; a ragtime-era American composed dance-music form (waltz/ragtime themselves are flagged regional so can't serve as canonical parent),Q2267955,
Q7311227,Bangsawan,"root item with no P279/P361 parent and no P2341/P495 value, but a Malay theatrical/musical genre missed by the automated seed/indigenous_to/country_of_origin classification",Q3328715,
Q11722315,Caoine,"root item with no P279/P361 parent and no P2341/P495 value, but an Irish keening/lament genre missed by the automated seed/indigenous_to/country_of_origin classification",Q1378776,
Q2413836,Gar,"root item with no P279/P361 parent and no P2341/P495 value, but a Tibetan classical dance-music genre missed by the automated seed/indigenous_to/country_of_origin classification",Q1585558,
Q1763023,Miroloi,"root item with no P279/P361 parent and no P2341/P495 value, but a Greek funeral-lament genre missed by the automated seed/indigenous_to/country_of_origin classification",Q1465419,
Q7420501,Santo Daime hymns,"root item with no P279/P361 parent and no P2341/P495 value, but a Brazilian ayahuasca-church religious hymn tradition missed by the automated seed/indigenous_to/country_of_origin classification",Q899215,
Q807820,barbershop music,"root item with no P279/P361 parent and no P2341/P495 value, but an American a cappella genre missed by the automated seed/indigenous_to/country_of_origin classification",Q2267955,
Q98915458,bazuinkoor,"root item with no P279/P361 parent and no P2341/P495 value, but a Dutch trombone-choir tradition missed by the automated seed/indigenous_to/country_of_origin classification",Q377185,
Q892958,boogaloo,"root item with no P279/P361 parent and no P2341/P495 value, but a Nuyorican/Latin genre originating in New York City missed by the automated seed/indigenous_to/country_of_origin classification",Q420965,
Q5934478,campus folk song,"root item with no P279/P361 parent and no P2341/P495 value, but a Taiwanese campus folk-song genre (校園民歌) missed by the automated seed/indigenous_to/country_of_origin classification",Q956925,
Q1125678,congada,"root item with no P279/P361 parent and no P2341/P495 value, but an Afro-Brazilian folk genre missed by the automated seed/indigenous_to/country_of_origin classification",Q899215,
Q97276030,cumbia,"root item with no P279/P361 parent and no P2341/P495 value, but a Colombian genre missed by the automated seed/indigenous_to/country_of_origin classification",Q920883,
Q262533,dithyramb,"root item with no P279/P361 parent and no P2341/P495 value, but an ancient Greek choral-hymn genre missed by the automated seed/indigenous_to/country_of_origin classification",Q1139787,
Q128631435,drum and bugle corps music,"root item with no P279/P361 parent and no P2341/P495 value, but an American marching-ensemble genre missed by the automated seed/indigenous_to/country_of_origin classification",Q2267955,
Q721385,drum cadence,"root item with no P279/P361 parent and no P2341/P495 value, but an American marching-band genre missed by the automated seed/indigenous_to/country_of_origin classification",Q2267955,
Q952404,drumline,"root item with no P279/P361 parent and no P2341/P495 value, but an American marching-band genre missed by the automated seed/indigenous_to/country_of_origin classification",Q2267955,
Q1079270,jig,"root item with no P279/P361 parent and no P2341/P495 value, but an Irish/Celtic dance-tune genre missed by the automated seed/indigenous_to/country_of_origin classification",Q1378776,
Q133709530,joropo llanero,"root item with no P279/P361 parent and no P2341/P495 value, but a Venezuelan/Colombian Llanos folk genre missed by the automated seed/indigenous_to/country_of_origin classification",Q108951349,
Q940462,music hall,"root item with no P279/P361 parent and no P2341/P495 value, but a British variety-theatre song genre missed by the automated seed/indigenous_to/country_of_origin classification",Q268673,
Q1151259,nueva canción,"root item with no P279/P361 parent and no P2341/P495 value, but a Latin American political folk-song movement missed by the automated seed/indigenous_to/country_of_origin classification",Q727781,
Q118367897,népének,"root item with no P279/P361 parent and no P2341/P495 value, but a Hungarian folk-song genre missed by the automated seed/indigenous_to/country_of_origin classification",Q932477,
Q1973457,seguidilla,"root item with no P279/P361 parent and no P2341/P495 value, but a Spanish folk dance/song genre missed by the automated seed/indigenous_to/country_of_origin classification",Q964987,
Q17146868,shangaan electro,"root item with no P279/P361 parent and no P2341/P495 value, but a South African electronic dance genre missed by the automated seed/indigenous_to/country_of_origin classification",Q4794612,
Q12090507,volochebni song,"root item with no P279/P361 parent and no P2341/P495 value, but a Belarusian Easter ritual-song genre missed by the automated seed/indigenous_to/country_of_origin classification",Q2347119,
Q5985066,icaro,"root item with no P279/P361 parent and no P2341/P495 value, but a Peruvian Amazonian shamanic ayahuasca-ceremony chant genre missed by the automated seed/indigenous_to/country_of_origin classification",Q3085344,
Q72862526,tarjo,"root item with no P279/P361 parent and no P2341/P495 value, but a Bolivian Andean flute-ensemble carnival genre missed by the automated seed/indigenous_to/country_of_origin classification",Q3328603,
Q6139036,tarkad,"root item with no P279/P361 parent and no P2341/P495 value, but a Bolivian Andean flute-ensemble genre missed by the automated seed/indigenous_to/country_of_origin classification",Q3328603,
Q109527761,polkabilly,"root item with no P279/P361 parent and no P2341/P495 value, but an American (Midwest) polka/rockabilly fusion genre missed by the automated seed/indigenous_to/country_of_origin classification",Q2267955,
Q608862,anime song,"root item with no P279/P361 parent and no P2341/P495 value, but a Japanese pop-culture song genre missed by the automated seed/indigenous_to/country_of_origin classification",Q257533,
Q318973,Abendmusik,"root item with no P279/P361 parent and no P2341/P495 value, but a German Lutheran church-concert genre (Lübeck) missed by the automated seed/indigenous_to/country_of_origin classification",Q2743758,
Q113833898,brandy,"root item with no P279/P361 parent and no P2341/P495 value, but a Romanian folk dance/music genre missed by the automated seed/indigenous_to/country_of_origin classification",Q852210,
Q4130112,ryndzivky,"root item with no P279/P361 parent and no P2341/P495 value, but a Ukrainian Easter spring-song genre missed by the automated seed/indigenous_to/country_of_origin classification",Q155858,
Q1062328,chanson,"root item with no P279/P361 parent and no P2341/P495 value, but the French song genre proper (as opposed to its regional variants already covered: Occitan chanson, Wallonne chanson, chanson swing)",Q672134,
Q281111,ghazal,"root item with no P279/P361 parent; ambiguous across India/Pakistan/Iran/Turkey, user-directed to the Persian-world nation-state overview after AskUserQuestion disambiguation",Q1672398,
Q7139128,parlour music,"root item with no P279/P361 parent; 19th-c. Western domestic-music tradition spanning both the UK and US, user-directed to the Anglo-American synthetic overview after AskUserQuestion disambiguation",LOCAL:anglo-american-music,
Q2369761,salon music,"root item with no P279/P361 parent; pan-European 19th-c. salon tradition (France/Germany/Austria), user-directed to the Europe overview after AskUserQuestion disambiguation",Q3328676,
Q7179597,Peyote song,"confirmed via WebSearch: ceremonial music of the Native American Church, spanning many indigenous nations with no single country of origin",LOCAL:indigenous-americas,
Q7251113,Prostopinije,"Ruthenian/Byzantine Rite plainchant tradition, a religious rather than national/ethnic classification",LOCAL:eastern-orthodox-chant,
Q16682190,Slavic rite song,"Slavic Byzantine Rite liturgical chant tradition, a religious rather than national/ethnic classification",LOCAL:eastern-orthodox-chant,
Q18242331,candomblé song,song of the Afro-Brazilian Candomblé religious tradition,Q899215,
Q2127044,gezang,root item with no P279/P361 parent; a Dutch sacred/secular song genre missed by the automated seed/indigenous_to/country_of_origin classification,Q377185,
Q1092924,villotta,root item with no P279/P361 parent; a Friulian/Northern Italian folk-song genre missed by the automated seed/indigenous_to/country_of_origin classification,Q3679098,
Q7042505,Njuup,root item with no P279/P361 parent; a Senegalese (Serer) traditional genre missed by the automated seed/indigenous_to/country_of_origin classification,Q3328770,
Q4198071,Hiérodrame,root item with no P279/P361 parent; an 18th-century French sacred musical-drama genre missed by the automated seed/indigenous_to/country_of_origin classification,Q672134,
Q663979,glee,root item with no P279/P361 parent; an English part-song genre missed by the automated seed/indigenous_to/country_of_origin classification,Q110558058,
Q1620760,historia,root item with no P279/P361 parent; a German/Lutheran liturgical narrative genre missed by the automated seed/indigenous_to/country_of_origin classification,Q2743758,
Q79891737,Carpathian plainchant,root item with no P279/P361 parent; Carpatho-Rusyn liturgical chant tradition spanning Ukraine/Slovakia/Poland with no single modern national home; user requested the Eastern Orthodox umbrella,LOCAL:eastern-orthodox-chant,
Q111535905,cabaret music,"root item with no P279/P361 parent; a theatrical genre with strong ties to specific European scenes (French cabaret, German Kabarett) but no single modern national home; user requested a European umbrella",Q3328676,
Q6543501,Oppari,root item with no P279/P361 parent; a Tamil funeral lament genre missed by the automated seed/indigenous_to/country_of_origin classification,Q17070502,
Q6452410,Christian music,root item; grouped under religious music overview umbrella by data-expert decision (manual_overview_reclassifications.csv),Q1065742,true
Q1482325,Islamic music,root item; grouped under religious music overview umbrella by data-expert decision (manual_overview_reclassifications.csv),Q1065742,true
Q98528192,European folk music,user-requested: nest all existing root-level regional overviews under a new top-level 'music of the world' overview node,Q205049,
Q369820,music of Africa,user-requested: nest all existing root-level regional overviews under a new top-level 'music of the world' overview node,Q205049,
Q16191834,music of Alaska,user-requested: nest all existing root-level regional overviews under a new top-level 'music of the world' overview node,Q205049,
Q525073,music of Asia,user-requested: nest all existing root-level regional overviews under a new top-level 'music of the world' overview node,Q205049,
Q6942006,music of Assam,user-requested: nest all existing root-level regional overviews under a new top-level 'music of the world' overview node,Q205049,
Q107611523,music of Asturias,user-requested: nest all existing root-level regional overviews under a new top-level 'music of the world' overview node,Q205049,
Q6942007,music of Atlanta,user-requested: nest all existing root-level regional overviews under a new top-level 'music of the world' overview node,Q205049,
Q4306566,music of Bashkortostan,user-requested: nest all existing root-level regional overviews under a new top-level 'music of the world' overview node,Q205049,
Q6941914,music of Berlin,user-requested: nest all existing root-level regional overviews under a new top-level 'music of the world' overview node,Q205049,
Q6942023,music of Brisbane,user-requested: nest all existing root-level regional overviews under a new top-level 'music of the world' overview node,Q205049,
Q4118511,music of Buryatia,user-requested: nest all existing root-level regional overviews under a new top-level 'music of the world' overview node,Q205049,
Q6942029,music of California,user-requested: nest all existing root-level regional overviews under a new top-level 'music of the world' overview node,Q205049,
Q115168871,music of Cantabria,user-requested: nest all existing root-level regional overviews under a new top-level 'music of the world' overview node,Q205049,
Q6942047,music of Chicago,user-requested: nest all existing root-level regional overviews under a new top-level 'music of the world' overview node,Q205049,
Q106626763,music of Crimea,user-requested: nest all existing root-level regional overviews under a new top-level 'music of the world' overview node,Q205049,
Q6942063,music of Denver,user-requested: nest all existing root-level regional overviews under a new top-level 'music of the world' overview node,Q205049,
Q3328634,music of Detroit,user-requested: nest all existing root-level regional overviews under a new top-level 'music of the world' overview node,Q205049,
Q16147503,music of Dominica,user-requested: nest all existing root-level regional overviews under a new top-level 'music of the world' overview node,Q205049,
LOCAL:eastern-orthodox-chant,music of Eastern Orthodox Christianity,user-requested: nest all existing root-level regional overviews under a new top-level 'music of the world' overview node,Q205049,
Q6942067,music of Epirus,user-requested: nest all existing root-level regional overviews under a new top-level 'music of the world' overview node,Q205049,
Q3328676,music of Europe,user-requested: nest all existing root-level regional overviews under a new top-level 'music of the world' overview node,Q205049,
Q6942081,music of Florida,user-requested: nest all existing root-level regional overviews under a new top-level 'music of the world' overview node,Q205049,
Q48834207,music of Guangdong,user-requested: nest all existing root-level regional overviews under a new top-level 'music of the world' overview node,Q205049,
Q6942107,music of Gujarat,user-requested: nest all existing root-level regional overviews under a new top-level 'music of the world' overview node,Q205049,
LOCAL:indigenous-americas,music of Indigenous peoples of the Americas,user-requested: nest all existing root-level regional overviews under a new top-level 'music of the world' overview node,Q205049,
LOCAL:jewish-liturgical-music,music of Jewish liturgical tradition,user-requested: nest all existing root-level regional overviews under a new top-level 'music of the world' overview node,Q205049,
LOCAL:jewish-tradition-music,music of Jewish tradition,user-requested: nest all existing root-level regional overviews under a new top-level 'music of the world' overview node,Q205049,
Q6942133,music of Kalmykia,user-requested: nest all existing root-level regional overviews under a new top-level 'music of the world' overview node,Q205049,
Q6941963,music of Karelia,user-requested: nest all existing root-level regional overviews under a new top-level 'music of the world' overview node,Q205049,
Q3328701,music of Kerala,user-requested: nest all existing root-level regional overviews under a new top-level 'music of the world' overview node,Q205049,
Q6941928,music of Khakassia,user-requested: nest all existing root-level regional overviews under a new top-level 'music of the world' overview node,Q205049,
Q16147514,music of Maharashtra,user-requested: nest all existing root-level regional overviews under a new top-level 'music of the world' overview node,Q205049,
Q6942174,music of Massachusetts,user-requested: nest all existing root-level regional overviews under a new top-level 'music of the world' overview node,Q205049,
Q6942180,music of Michigan,user-requested: nest all existing root-level regional overviews under a new top-level 'music of the world' overview node,Q205049,
Q6942188,music of Missouri,user-requested: nest all existing root-level regional overviews under a new top-level 'music of the world' overview node,Q205049,
Q3328606,music of New Caledonia,user-requested: nest all existing root-level regional overviews under a new top-level 'music of the world' overview node,Q205049,
Q16191836,music of New Jersey,user-requested: nest all existing root-level regional overviews under a new top-level 'music of the world' overview node,Q205049,
Q646656,music of New Orleans,user-requested: nest all existing root-level regional overviews under a new top-level 'music of the world' overview node,Q205049,
Q6942212,music of New York,user-requested: nest all existing root-level regional overviews under a new top-level 'music of the world' overview node,Q205049,
Q420965,music of New York City,user-requested: nest all existing root-level regional overviews under a new top-level 'music of the world' overview node,Q205049,
Q6942214,music of Newfoundland and Labrador,user-requested: nest all existing root-level regional overviews under a new top-level 'music of the world' overview node,Q205049,
Q14548294,music of Niue,user-requested: nest all existing root-level regional overviews under a new top-level 'music of the world' overview node,Q205049,
Q6942223,music of Northumbria,user-requested: nest all existing root-level regional overviews under a new top-level 'music of the world' overview node,Q205049,
Q3328728,music of Oceania,user-requested: nest all existing root-level regional overviews under a new top-level 'music of the world' overview node,Q205049,
Q6942230,music of Odisha,user-requested: nest all existing root-level regional overviews under a new top-level 'music of the world' overview node,Q205049,
Q6942231,music of Ohio,user-requested: nest all existing root-level regional overviews under a new top-level 'music of the world' overview node,Q205049,
Q10334891,music of Pará,user-requested: nest all existing root-level regional overviews under a new top-level 'music of the world' overview node,Q205049,
Q6942241,music of Pennsylvania,user-requested: nest all existing root-level regional overviews under a new top-level 'music of the world' overview node,Q205049,
Q6942244,music of Philadelphia,user-requested: nest all existing root-level regional overviews under a new top-level 'music of the world' overview node,Q205049,
Q10451148,music of Prince Qin Breaking up the Enemy's Front,user-requested: nest all existing root-level regional overviews under a new top-level 'music of the world' overview node,Q205049,
Q6942249,music of Punjab,user-requested: nest all existing root-level regional overviews under a new top-level 'music of the world' overview node,Q205049,
Q6942257,music of Saint Lucia,user-requested: nest all existing root-level regional overviews under a new top-level 'music of the world' overview node,Q205049,
Q6942292,music of Tennessee,user-requested: nest all existing root-level regional overviews under a new top-level 'music of the world' overview node,Q205049,
Q6942303,music of Trinidad and Tobago,user-requested: nest all existing root-level regional overviews under a new top-level 'music of the world' overview node,Q205049,
LOCAL:turkic-peoples-music,music of Turkic peoples,user-requested: nest all existing root-level regional overviews under a new top-level 'music of the world' overview node,Q205049,
Q6941969,music of Tuva,user-requested: nest all existing root-level regional overviews under a new top-level 'music of the world' overview node,Q205049,
Q716335,music of Tuvalu,user-requested: nest all existing root-level regional overviews under a new top-level 'music of the world' overview node,Q205049,
Q1955035,music of Venice,user-requested: nest all existing root-level regional overviews under a new top-level 'music of the world' overview node,Q205049,
Q6942322,music of Vienna,user-requested: nest all existing root-level regional overviews under a new top-level 'music of the world' overview node,Q205049,
Q6942325,"music of Washington, D.C.",user-requested: nest all existing root-level regional overviews under a new top-level 'music of the world' overview node,Q205049,
Q3328596,music of West Bengal,user-requested: nest all existing root-level regional overviews under a new top-level 'music of the world' overview node,Q205049,
Q6942331,music of Wisconsin,user-requested: nest all existing root-level regional overviews under a new top-level 'music of the world' overview node,Q205049,
Q512359,music of ancient Egypt,user-requested: nest all existing root-level regional overviews under a new top-level 'music of the world' overview node,Q205049,
Q1139787,music of ancient Greece,user-requested: nest all existing root-level regional overviews under a new top-level 'music of the world' overview node,Q205049,
Q17075815,music of ancient India,user-requested: nest all existing root-level regional overviews under a new top-level 'music of the world' overview node,Q205049,
Q6942343,music of the African diaspora,user-requested: nest all existing root-level regional overviews under a new top-level 'music of the world' overview node,Q205049,
Q3328669,music of the Americas,user-requested: nest all existing root-level regional overviews under a new top-level 'music of the world' overview node,Q205049,
LOCAL:andean-music,music of the Andes,user-requested: nest all existing root-level regional overviews under a new top-level 'music of the world' overview node,Q205049,
LOCAL:anglo-american-music,music of the Anglo-American world,user-requested: nest all existing root-level regional overviews under a new top-level 'music of the world' overview node,Q205049,
LOCAL:aramaic-music,music of the Aramaic-speaking world,user-requested: nest all existing root-level regional overviews under a new top-level 'music of the world' overview node,Q205049,
Q135644052,music of the Armenian diaspora,user-requested: nest all existing root-level regional overviews under a new top-level 'music of the world' overview node,Q205049,
Q16931684,music of the Bahamas,user-requested: nest all existing root-level regional overviews under a new top-level 'music of the world' overview node,Q205049,
LOCAL:basque-country,music of the Basque Country,user-requested: nest all existing root-level regional overviews under a new top-level 'music of the world' overview node,Q205049,
Q16823040,music of the Cook Islands,user-requested: nest all existing root-level regional overviews under a new top-level 'music of the world' overview node,Q205049,
Q6942371,music of the Faroe Islands,user-requested: nest all existing root-level regional overviews under a new top-level 'music of the world' overview node,Q205049,
Q108151421,music of the French Antilles,user-requested: nest all existing root-level regional overviews under a new top-level 'music of the world' overview node,Q205049,
Q108161008,music of the German Democratic Republic,user-requested: nest all existing root-level regional overviews under a new top-level 'music of the world' overview node,Q205049,
LOCAL:hispanic-world,music of the Hispanic world,user-requested: nest all existing root-level regional overviews under a new top-level 'music of the world' overview node,Q205049,
Q6942375,music of the Ionian Islands,user-requested: nest all existing root-level regional overviews under a new top-level 'music of the world' overview node,Q205049,
Q3367530,music of the Isle of Man,user-requested: nest all existing root-level regional overviews under a new top-level 'music of the world' overview node,Q205049,
LOCAL:jewish-diasporic-music,music of the Jewish diaspora,user-requested: nest all existing root-level regional overviews under a new top-level 'music of the world' overview node,Q205049,
Q6942376,music of the Lesser Antilles,user-requested: nest all existing root-level regional overviews under a new top-level 'music of the world' overview node,Q205049,
LOCAL:lusophone-music,music of the Lusophone world,user-requested: nest all existing root-level regional overviews under a new top-level 'music of the world' overview node,Q205049,
Q6942381,music of the Maritimes,user-requested: nest all existing root-level regional overviews under a new top-level 'music of the world' overview node,Q205049,
LOCAL:nordic-music,music of the Nordic countries,user-requested: nest all existing root-level regional overviews under a new top-level 'music of the world' overview node,Q205049,
LOCAL:southern-cone,music of the Southern Cone,user-requested: nest all existing root-level regional overviews under a new top-level 'music of the world' overview node,Q205049,
Q16931692,music of the Virgin Islands,user-requested: nest all existing root-level regional overviews under a new top-level 'music of the world' overview node,Q205049,
Q1065742,religious music,user-requested: nest all existing root-level regional overviews under a new top-level 'music of the world' overview node,Q205049,
Q127471539,ethnic fusion,"newly orphaned root after world music (Q205049) was excluded as an overly broad umbrella; user requested it be classified as regional rather than canonical, nested under the new top-level 'music of the world' overview node",Q205049,
Q2379616,Arabesque pop,child of pop music with no single national home; nested under the Arab-world regional overview (no per-country QID fits an Arabesque-pop tradition spanning the Arab world),LOCAL:arab-world,true
Q117000942,Croatian pop,child of pop music; a Croatian national-scene genre nested under music of Croatia,Q1236268,true
Q106634246,Irish showband,child of pop music; an Irish national-scene tradition nested under music of Ireland,Q1378776,true
Q547137,Latin pop,child of pop music; a Latin American/Spanish-language regional genre nested under music of Latin America,Q727781,true
Q108177317,Māori showband,"child of pop music; a Māori (indigenous to New Zealand) tradition nested under music of New Zealand, the closest available regional overview",Q6942216,true
Q110020243,Swedish pop,child of pop music; a Swedish national-scene genre nested under music of Sweden,Q846784,true
Q4971422,British pop,child of pop music; a UK national-scene genre nested under music of the United Kingdom,Q268673,true
Q97216998,Java-pop,child of pop music; a Javanese regional genre nested under music of Java,Q6942130,true
